TmID;FullName;BirthDate;BirthPlace;Height;TrainerLicense;PreferredFormation;NumGames
4;Sir Alex Ferguson;1941-12-31;Govan, Glasgow;;UEFA Pro Licence;;0
7;Aimé Anthuenis;1943-12-21;Lokeren;;;;0
9;Nils Arne Eggen;1941-09-17;Orkdal;;;;0
13;Otto Baric;1932-06-19;Eisenkappel;;UEFA Pro Licence;;0
16;Jörg Berger;1944-10-13;Gotenhafen;;Head coach;;0
34;Pál Csernai;1932-10-21;Pilis;;Head coach;;0
44;Jupp Derwall;1927-03-10;Würselen;;;;0
62;Karl-Heinz Feldkamp;1934-06-02;Essen;;;;0
76;Eduard Geyer;1944-10-07;Bielitz;;;;0
81;Rudi Gutendorf;1926-08-30;Koblenz;;;;0
88;Sigfried Held;1942-08-07;Freudenthal;;;;0
90;Jupp Heynckes;1945-05-09;Mönchengladbach;;Head coach;4-3-3 Attacking;0
201;Otto Rehhagel;1938-08-09;Essen;;Head coach;;0
206;Aleksandar Ristic;1944-06-28;Sarajevo;;UEFA Pro Licence;;0
213;Guy Roux;1938-10-18;Colmar;;Head coach;;0
262;Giovanni Trapattoni;1939-03-17;Cusano Milanino;;;;0
271;Eberhard Vogel;1943-04-08;Frankenberg;;;;0
279;Dietrich Weise;1934-11-21;Gröben;;;;0
302;Hans Meyer;1942-11-03;Briesen;;;;0
315;Willi Ertz;1943-05-28;Neunkirchen;;;;0
347;Christoph Franke;1944-12-20;Mülsen St. Jacob;;Head coach;;0
348;Meinhard Hemp;1942-12-10;Allenau;;;;0
461;Sir Bobby Robson;1933-02-18;Sacriston;;UEFA Pro Licence;;0
498;Foppe de Haan;1943-06-26;Lippenhuizen;;Head coach;;0
544;Gilbert Gress;1941-12-17;Straßburg;;;;0
610;Dario Gradi;1941-07-08;Mailand;;UEFA Pro Licence;;0
614;Craig Brown;1940-07-01;Hamilton;;;;0
624;Luis Aragonés;1938-07-28;Madrid;;;;0
631;Robert Waseige;1939-08-26;Rocourt;;;;0
671;Josip Skoblar;1941-03-12;Privlaka;;;;0
672;Egon Coordes;1944-07-13;Wesermünde;;Head coach;;0
729;Diethelm Ferner;1941-07-13;Kragau;;;;0
751;Bernd Erdmann;1942-10-23;;;;;0
805;Mircea Lucescu;1945-07-29;Bukarest;;UEFA Pro Licence;4-2-3-1;0
814;Sakip Özberk;1945-05-01;Gaziantep;;UEFA Pro Licence;;0
829;Udo Lattek;1935-01-16;Bosemb;;;;0
843;Willi Multhaup;1903-07-19;Essen;;;;0
844;Günter Brocker;1925-05-24;Duisburg;;;;0
845;Fritz Langner;1912-08-08;;;;;0
846;Fritz Rebell †;1905-05-07;Heusenstamm;;;;0
847;Hans Tilkowski;1935-07-12;Dortmund-Husen;;;;0
848;Robert Gebhardt;1920-09-20;;;;;0
849;Sepp Piontek;1940-03-05;Breslau;;;;0
850;Herbert Burdenski;1922-05-19;Gelsenkirchen;;;;0
851;Fred Schulz †;1903-10-27;;;;;0
852;Wolfgang Weber;1944-06-26;Schlawe;;;;0
860;Georg Gawliczek;1919-02-02;Schillersdorf (Oberschlesien);;;;0
862;Ernst Happel;1925-11-29;Wien;;;;0
863;Kuno Klötzer;1922-04-19;Geyer;;Licence trainer;;0
864;Georg Knöpfle;1904-05-15;Schramberg;;;;0
865;Kurt Koch;1919-11-02;;;;;0
866;Klaus-Dieter Ochs;1939-10-31;Wattenscheid;;;;0
867;Josef Schneider;1914-04-13;Koblenz;;;;0
868;Martin Wilke;1926-11-15;;;;;0
869;Branko Zebec;1929-05-17;Zagreb;;;;0
872;Friedel Rausch;1940-02-27;Duisburg;;Head coach;;0
873;Horst Heese;1943-12-31;Düsseldorf;;Head coach;;0
875;Lothar Buchmann;1936-08-15;Breslau;;Head coach;;0
876;Dettmar Cramer;1925-04-04;Dortmund;;;;0
877;Jürgen Grabowski;1944-07-07;Wiesbaden;;;;0
878;Ivica Horvat;1926-07-16;Sisak;;;;0
879;Otto Knefler;1923-09-05;Bernburg/Saale;;;;0
880;Gyula Lóránt;1923-02-06;Köszeg;;;;0
881;Paul Oßwald;1905-02-04;Saalfeld;;;;0
882;Erich Ribbeck;1937-06-13;Wuppertal;;;;0
883;Hans-Dieter Roos;1937-05-22;Simmern;;Licence trainer;;0
884;Elek Schwartz;1908-10-23;Timisoara;;;;0
885;Helmut Senekowitsch;1933-10-22;Graz;;UEFA A Licence;;0
889;Horst Franz;1940-06-07;Berlin;;Head coach;;0
890;Fahrudin Jusufi;1939-12-08;Dragaš;;;;0
891;Rolf Schafstall;1937-02-22;Duisburg;;Licence trainer;;0
893;Jürgen Sundermann;1940-01-25;Mülheim an der Ruhr;;;;0
896;Franz Beckenbauer;1945-09-11;München;;;;0
897;Zlatko Cajkovski;1923-11-24;Zagreb;;;;0
898;Slobodan Cendic;1938-08-28;Kragujevac;;Licence trainer;;0
899;Gerhard Gläser;1911-12-26;Magdeburg;;;;0
900;Jürgen Heinsch;1940-07-04;Lübeck;;;;0
901;Helmut Hergesell;1941-10-22;München;;;;0
902;Claus Kreul;1944-05-26;Erlbach im Vogtland;;;;0
903;Harry Nippert;1933-12-12;Seelow;;;;0
904;Erich Rutemöller;1945-02-08;Recke-Steinbeck;;Head coach;;0
905;Horst Saß;1934-04-20;;;;;0
908;Heinz Werner;1935-12-27;Ünglingen;;;;0
912;Max Merkel;1918-12-07;Wien;;;;0
914;Dietmar Schwager;1940-08-15;;;;;0
915;Willi Entenmann;1943-09-25;Benningen am Neckar;;;;0
917;Peter Grosser;1938-09-28;München;;;;0
918;Uli Maslo;1938-07-06;Bochum;;;;0
919;Gerd Roggensack;1941-10-05;Güstrow;;;;0
921;Karsten Wettberg;1941-11-10;Friesack (Havelland);;;;0
922;Eckhard Krautzun;1941-01-13;Essen;;;;0
923;Gerhard Schulte;1923-08-06;;;;;0
924;Helmut Kronsbein;1914-12-25;Danzig;;;;0
925;Hans Eder;1934-11-14;Berlin;;;;0
926;Georg Keßler;1932-09-23;Saarbrücken;;;;0
929;Uwe Klimaschefski;1938-12-11;Bremerhaven;;;;0
930;Martin Luppen;1936-04-05;;;Licence trainer;;0
936;Willibert Kremer;1939-10-15;Hochneukirch;;Licence trainer;;0
937;Detlef Pirsig;1945-10-22;Schwerin;;;;0
938;Gerd Vom Bruch;1941-08-19;;;;;0
939;Hennes Weisweiler;1919-12-05;Lechenich;;;;0
940;Wolf Werner;1942-04-08;Kalisch;;Head coach;;0
944;Manfred Krafft;1937-12-11;Düsseldorf;;;;0
945;Hans-Ulrich Thomale;1944-12-06;Meißen;;;;0
947;Siegfried Melzig;1940-07-12;Breslau;;;;0
948;Günter Preuß;1936-11-10;Duisburg;;;;0
949;Friedhelm Vos;1939-01-21;;;;;0
950;Helmut Witte;1941-07-15;;;;;0
951;Luis Zacarias;1942-10-11;;;;;0
952;Özcan Arkoç;1939-10-02;Tekirdag;;;;0
953;Hermann Eppenhoff;1919-05-19;Wanne-Eickel;;;;0
954;Rudolf Faßnacht †;1934-12-28;Neu-Ulm;;;;0
955;Heinz Höher;1938-08-11;Leverkusen;;;;0
957;Wilhelm Ömmes Schmidt;1927-05-27;Duisburg;;;;0
958;Friedhelm Wenzlaff †;1940-10-10;;;;;0
964;Werner Liebrich;1927-01-18;Kaiserslautern;;;;0
967;Hannes Löhr;1942-07-05;Eitorf;;;;0
969;Egon Piechaczek;1931-11-16;Chorzów;;;;0
970;Rudolf Kröner;1942-01-06;;;Licence trainer;;0
971;Fritz Fuchs;1943-10-18;Kaiserslautern;;;;0
973;Helmuth Johannsen;1920-02-27;Hamburg;;;;0
974;Heinz Murach;1926-04-07;Gelsenkirchen;;;;0
975;Oswald Pfau †;1915-01-07;;;;;0
976;Helmut Schneider;1913-07-13;Altrip;;;;0
977;Rolf Bock;1937-02-05;;;Licence trainer;;0
978;Hermann Lindemann;1910-10-29;Philippsthal;;;;0
979;Carl-Heinz Rühl;1939-11-14;Berlin;;;;0
980;Heinz-Dieter Tippenhauer;1943-10-16;;;;;0
981;Horst Witzler;1932-08-18;Wuppertal;;;;0
982;Timo Konietzka;1938-08-02;Lünen;;;;0
987;Václav Halama;1940-11-04;Jablonec;;;;0
989;Bernd Patzke;1943-03-14;Berlin;;;;0
990;Octavian Popescu;1938-04-25;Bukarest;;;;0
992;Alfred Baumann;1940-08-06;;;;;0
993;Heinz Lucas;1920-08-10;Berlin;;;;0
994;Franz Binder †;1911-12-01;;;;;0
995;Hans Pilz;1915-12-11;;;Licence trainer;;0
996;Albert Sing;1917-04-07;Eislingen;;;;0
997;Gunther Baumann;1921-01-19;Leipzig;;;;0
1017;Antun Rudinski;1937-10-01;Subotica;;Licence trainer;;0
1025;Heinz Baas;1922-04-13;;;;;0
1027;Manfred Brief;1939-12-11;;;;;0
1031;Lutz Hangartner;1943-09-24;;;;;0
1033;Bernd Hoss †;1939-06-19;Neckarhausen;;Licence trainer;;0
1034;Werner Olk;1938-01-18;Osterode;;;;0
1035;Norbert Wagner;1939-01-15;;;;;0
1036;Horst Zick;1935-01-29;;;;;0
1051;Roger Lemerre;1941-06-18;;;;5-3-2;0
1067;Konstantin Kvashnin;1898-12-27;Moskau;;;;0
1082;Karl-Heinz Marotzke;1934-03-29;;;;;0
1153;Jakob Kuhn;1943-10-12;Zürich-Wiedikon;;;;0
1183;József Garami;1939-08-09;Pécs;;UEFA Pro Licence;;0
1222;Dusan Uhrin;1943-02-05;Nová Ves nad Žitavou;;;;0
1237;Robert Nouzaret;1943-08-29;Marseille;;;;0
1271;Chris Dekker;1945-12-06;Westzaan;;;;0
1306;Maurizio Battistini;1945-02-18;;;;;0
1320;Radu Nunweiler;1944-11-16;Bukarest;;;;0
1343;Rinus Michels;1928-02-09;Amsterdam;;;;0
1355;Klaus Hilpert †;1944-01-04;Bochum;;;;0
1406;Kurt Baluses;1914-06-30;Allenstein (Ostpreußen);;;;0
1407;Franz Seybold;1912-04-09;;;;;0
1448;Prof. Otto Nerz;1892-10-21;Hechingen;;;;0
1449;Helmut Schön;1915-09-15;Dresden;;;;0
1491;Benjaminas Zelkevicius;1944-02-06;Vilnius;;;;0
1512;Evgen Kucherevski;1941-08-06;Kherson;;;;0
1516;Janos Bedl;1929-09-10;;;Licence trainer;;0
1517;Detlev Brüggemann;1939-10-11;;;;;0
1518;Horst Buhtz;1923-09-21;Magdeburg;;Licence trainer;;0
1520;Dieter Kurrat;1942-05-15;Dortmund;;;;0
1521;Max Michallek;1922-08-29;Dortmund;;;;0
1580;Hans Hipp;1912-11-10;Wannweil;;;;0
1649;Howard Wilkinson;1943-11-13;Sheffield;;;;0
1669;Heinz Hornig;1937-09-28;Gelsenkirchen;;Licence trainer;;0
1687;Petr Popov;1898-01-16;Moskau;;;;0
1703;Frank Burrows;1944-11-30;Larkhall;;;;0
1707;Keith Peacock;1945-05-02;Barnehurst;;;;0
1708;Jim Smith;1940-10-17;Sheffield;;UEFA Pro Licence;;0
1790;Aleksey Sokolov;1904-08-25;Serpukhov, Moskau Region;;;;0
1805;Gildo Rodriguez;1939-11-30;Rio de Janeiro;;;;0
1821;Hannes Scholz;1934-08-14;;;;;0
1899;Terry Venables;1943-01-06;Dagenham;;UEFA Pro Licence;;0
1910;Miroslav Blazevic;1935-02-10;Travnik;;UEFA Pro Licence;;0
1932;Carlo Mazzone;1937-03-19;Roma;;;;0
1936;Thijs Libregts;1941-01-04;Rotterdam;;;;0
1937;Pietro Carmignani;1945-01-22;Altopascio;;;;0
1938;Edi Frühwirth;1908-11-11;Wien;;;;0
1939;Nándor Lengyel;1914-06-06;;;;;0
2027;Luigi Simoni;1939-01-22;Crevalcore;;;;0
2049;Dino Zoff;1942-02-28;Mariano del Friuli;;;;0
2084;Klaus Sammer;1942-12-05;Gröditz;;;;0
2120;Leo Beenhakker;1942-08-02;Rotterdam;;UEFA Pro Licence;;0
2121;Carlos Alberto Parreira;1943-02-27;Rio de Janeiro;;;;0
2123;Bruno Bolchi;1940-02-21;Milano;;;;0
2139;Nedo Sonetti;1941-02-25;Piombino;;;;0
2147;David Pleat;1945-01-15;Nottingham;;UEFA Pro Licence;;0
2281;Rudi Schlott;1927-01-18;;;;;0
2290;Jürgen Piepenburg;1941-06-10;Karzig;;;;0
2311;Helmut Benthaus;1935-06-05;Herne;;;;0
2436;Ivica Osim;1941-05-06;Sarajevo;;UEFA Pro Licence;;0
2443;Robert Pflug;1945-06-14;;;UEFA Pro Licence;;0
2504;Bora Milutinovic;1944-09-07;Bajina Basta;;;;0
2508;Orest Lenczyk;1942-12-28;Sanok;;;;0
2542;Ilija Petkovic;1945-09-22;Knin;;UEFA Pro Licence;;0
2630;Víctor Espárrago;1944-10-06;Montevideo;;;;0
2636;George Graham;1944-11-30;Bargeddie;;UEFA Pro Licence;;0
2637;Steve Burtenshaw;1936-11-11;;;;;0
2691;Karel Brückner;1939-11-13;Olmütz;;;;0
2694;Jozef Adamec;1942-02-26;Vrbové;;UEFA Pro Licence;;0
2695;Jozef Jankech;1937-10-24;Šaľa, Czechoslovakia;;UEFA Pro Licence;;0
2697;Jozef Venglos;1936-02-18;Ruzomberok;;;;0
2708;Ted Dumitru;1939-09-02;Bucharest;;;;0
2790;Robert Jung;1944-12-19;Kaiserslautern;;;;0
2923;César Luis Menotti;1938-11-05;Rosario, Santa Fe;;;;0
3005;Walter Skocik;1940-09-06;Schwechat;;UEFA A Licence;;0
3006;August Starek;1945-02-16;Wien;;UEFA Pro Licence;;0
3007;Hermann Stessl;1940-09-03;Graz;;UEFA A Licence;;0
3048;Milan Djuricic;1945-08-03;Osijek;;;;0
3064;Giovanni Galeone;1941-01-25;Napoli;;;;0
3065;Mikhail Kozlov;1895-01-09;Tver;;;;0
3079;Mick Buxton;1943-03-29;Corbridge;;UEFA Pro Licence;;0
3119;Nisse Andersson;1941-08-28;;;;;0
3120;Georg Åby Ericson †;1919-12-18;Torshag;;;;0
3121;Lars Arnesson;1936-02-18;Sandviken;;;;0
3125;Tommy Svensson;1945-03-04;Växjö;;;;0
3158;Edoardo Reja;1945-10-10;Gorizia;;UEFA Pro Licence;3-1-4-2;0
3325;Tord Grip;1938-01-13;Ytterhogdal;;;;0
3338;Adi Preißler;1921-04-09;Duisburg;;;;0
3449;Eduard Malofeev;1942-06-02;Krasnoyarsk;;;;0
3586;Alfio Basile;1943-11-01;Bahía Blanca;;;;0
3722;Marcin Bochynek;1942-09-18;Zabrze;;;;0
3742;Frans Körver;1937-07-31;Schinnen;;;;0
3780;Dror Kashtan;1944-10-01;Petah Tikva;;;;0
3787;Rob Baan;1943-04-01;Rotterdam;;;;0
3843;Hans Eijkenbroek;1940-01-05;Schiedam;;;;0
3975;Angel Marcos;1943-04-07;Buenos Aires;;;;0
4001;Marcel Husson;1937-01-23;Metz;;;;0
4006;Jean-Claude Suaudeau;1938-05-24;Cholet;;;;0
4082;Emerich Jenei;1937-03-22;Agrișu Mic;;;;0
4111;Fuad Muzurovic;1945-11-03;Bijelo Polje;;UEFA Pro Licence;;0
4120;Zdzislaw Podedworny;1941-04-13;Żabińce;;;;0
4153;Jim Barron;1943-10-19;Tantobie;;;;0
4160;Aimé Jacquet;1941-11-27;Sail-sous-Couzan;;;;0
4181;Ilija Loncarevic;1944-10-08;Cajkovci;;;;0
4204;Enver Hadziabdic;1945-11-06;Beograd;;;;0
4335;Paul Garbani;1927-06-21;;;;;0
4343;Vladimir Fedotov;1943-01-18;Moskau;;;;0
4618;Rolf Herings;1940-07-10;Rheydt;;;;0
4676;Ulrich Nikolinski;1945-08-03;;;;;0
4715;Wim van Hanegem;1944-02-20;Breskens;;;;0
4819;Dzemaludin Musovic;1944-10-30;Sarajevo;;;;0
4995;Vladimir Gorokhov;1910-05-26;Moskau;;;;0
5100;Sergio Markarián;1944-11-01;Montevideo;;UEFA Pro Licence;;0
5192;Oleg Bazylevych;1938-07-06;Kyiv;;;;0
5221;Egil Olsen;1942-04-22;Fredrikstad;;;;0
5227;Ivan Brzic;1941-05-28;Novi Sad;;;;0
5239;Don Mackay;1940-03-19;Glasgow;;;;0
5240;József Szabo;1940-02-29;Ungvar (Uzhgorod);;UEFA Pro Licence;;0
5278;Francisco Chaparro Jara;1942-11-30;Sevilla;;;;0
5409;Rinus Israël;1942-03-19;Amsterdam;;;;0
5432;Renzo Ulivieri;1941-02-02;San Miniato;;UEFA A Licence;;0
5480;Lucjan Brychczy;1934-06-13;Nowy Bytom;;;;0
5539;Jyrki Heliskoski;1945-09-28;;;;;0
5563;Valeri Lobanovsky;1939-01-06;Kiew;;;;0
5572;Italo Galbiati;1937-08-08;Milano;;;;0
5618;Dimitar Penev;1945-07-12;Mirovyane;;;;0
5727;Josef Frühwirth;1907-05-29;;;;;0
5762;Vicente Miera;1940-05-10;Nueva Montaña;;;;0
5781;Cesare Maldini;1932-02-05;Trieste;;;;0
5786;Azeglio Vicini;1933-03-20;Cesena;;;;0
5862;Bernard Mocellin;1943-07-25;;;;;0
6050;József Tajti;1943-10-08;Jászapáti;;UEFA Pro Licence;;0
6116;Don Howe;1935-10-12;Wolverhampton;;UEFA Pro Licence;;0
6130;Manolo Villanova;1942-08-27;Zaragoza;;;;0
6163;Karl-Heinz Heddergott;1926-08-27;;;;;0
6276;Adolf Blutsch;1940-08-18;Wien;;UEFA Pro Licence;;0
6367;Evgeni Skomorokhov;1945-07-11;;;;;0
6413;Fred-Werner Bockholt;1943-06-24;Bottrop;;;;0
6495;Albert Vollrat;1903-10-21;Tallinn;;;;0
6497;Abram Dangulov;1900-08-05;Armavir, Krasnodar Region;;;;0
6593;Branko Elsner;1929-11-23;Ljubljana;;;;0
6594;Erich Hof;1936-08-03;Wien;;UEFA A Licence;;0
6595;Felix Latzke;1942-02-01;Wien;;UEFA A Licence;;0
6597;Leopold Stastny;1911-05-23;Bratislava;;;;0
6598;Karl Stotz;1927-03-27;Wien;;;;0
6749;Gordon Wallace;1943-06-20;Dundee;;;;0
6754;András Béres;1924-07-20;Budapest;;;;0
6782;Dimitri Davidovic;1944-05-21;Aleksandrovac;;;;0
6792;Wolfgang Müller;1935-08-03;Wildenow;;;;0
6816;Martti Kuusela;1945-10-09;Rovaniemi;;UEFA Pro Licence;;0
7125;Wladyslaw Lach;1944-11-30;Kraków;;;;0
7277;Piet de Visser;1934-09-23;Oost-Souburg;;;;0
7288;Graham Carr;1944-10-25;Corbridge;;;;0
7300;Mel Machin;1945-04-16;Newcastle-under-Lyme;;;;0
7302;Georgi Glazkov;1911-11-18;Vladimirovo, Moskau Region;;;;0
7416;Jozef Jarabinsky;1944-03-12;Jarabina;;;;0
7427;Hubert Schieth †;1927-01-26;Obersayn;;;;0
7448;Rolf Müller;1939-06-24;;;Licence trainer;;0
7583;Milan Macala;1943-07-04;Biskupice;;UEFA Pro Licence;4-2-3-1;0
7585;Ron Atkinson;1939-03-18;Liverpool;;UEFA Pro Licence;;0
7647;Fedor Selin;1899-02-23;Tula;;;;0
8278;Gerry Murphy;1943-07-22;Dublin;;;;0
8374;Christian Andersen;1944-09-28;Kopenhagen;;;;0
8561;Heinz Redepennig;1941-05-13;;;;;0
8604;Georges Heylens;1941-08-08;Etterbeek;;;;0
8675;Louis Pilot;1940-11-11;Esch/Alzette;;;;0
8712;Hans Merkle;1918-06-01;Karlsruhe;;;;0
8726;Adolf Patek;1900-04-04;Wien;;;;0
8772;Vujadin Boskov;1931-05-16;Begeč;;;;0
8860;Karl Bögelein;1927-01-28;Bamberg;;;;0
8879;Bernd Oles;1921-01-15;;;Licence trainer;;0
8950;Boris Ignatjev;1940-12-05;Moskau;;;;0
9036;Herbert Dörenberg;1945-08-27;Waldniel;;;;0
9108;Jenö Vincze;1908-11-20;Versec;;;;0
9141;Werner Biskup;1942-04-26;Bottrop;;;;0
9182;Richard Möller Nielsen;1937-08-19;Odense;;;;0
9231;Paul Van Himst;1943-10-02;Sint-Pieters-Leeuw;;;;0
9268;Alketas Panagoulias;1934-05-30;Thessaloniki;;;;0
9282;Jack Charlton;1935-05-08;Ashington;;;;0
9294;Pavel Sadyrin †;1942-09-18;Perm;;;;0
9300;Bo Johansson;1942-11-28;Kristdala;;;;0
9313;Erich Garske;1911-11-29;;;;;0
9371;Jan Notermans;1932-07-29;Sittard;;;;0
9389;Viktor Prokopenko;1944-10-24;Mariupol, Donetsk Region;;;;0
9455;Gordon Milne;1937-03-29;Preston;;;;0
9491;Ebbe Skovdahl;1945-07-05;;;;;0
9510;Bertalan Bicskei;1944-09-17;Budapest;;;;0
9564;Franz Brungs;1936-12-04;Bad Honnef;;Licence trainer;;0
9599;Tomislav Ivic;1933-06-30;Split;;;;0
9604;Hans Kodric;1945-09-10;;;;;0
9607;Carlos Bilardo;1938-03-16;La Paternal;;;;0
9609;Jürgen Wähling;1940-12-06;Hamburg;;Licence trainer;;0
9616;Udo Klug;1928-07-21;Frankfurt am Main;;;;0
9721;Rudi Assauer;1944-04-30;Sulzbach-Altenwald;;;;0
9723;Hermann Nuber;1935-10-10;Offenbach;;;;0
9732;Ernst Ocwirk;1926-03-07;Wien;;;;0
9810;Heinz Elzner;1928-12-04;Brehna;;;;0
9829;Fritz Popp;1940-11-20;Nürnberg;;;;0
9830;Herbert Widmayer;1913-11-17;Kiel;;;;0
9834;Klaus Schlappner;1940-05-22;Lampertheim;;Licence trainer;;0
9835;Jef Vliers;1932-12-18;Tongeren;;;;0
9838;Kurt Sommerlatt;1928-12-25;Blankenloch;;;;0
9839;Jenö Csaknády;1924-09-20;;;;;0
9845;Toni Burghardt;1942-06-09;;;;;0
9846;Erhard Ahmann;1941-05-21;Sundern;;Licence trainer;;0
9847;Gerd Bohnsack;1939-02-15;Hannover;;Licence trainer;;0
9855;Reinhard Roder;1941-07-06;Clausthal-Zellerfeld;;;;0
9862;Manfred Rummel;1938-01-22;Essen;;;;0
9864;Ernst-Günther Habig;1935-09-14;Köln;;;;0
9866;Jean Löring;1934-08-16;Köln;;Licence trainer;;0
9869;Werner Roth;1925-07-25;;;;;0
9873;Karl-Heinz Mülhausen;1937-06-18;;;;;0
9874;Gerhard Prokop;1939-05-18;Gladbeck;;;;0
9877;Gerhard Kentschke;1942-09-18;Herten;;Licence trainer;;0
9878;Peter Eggert;1943-06-08;;;;;0
9894;Paul Frantz;1927-03-10;;;;;0
9902;Richard Schneider;1919-12-16;Kaiserslautern;;;;0
9925;Hans Siemensmeyer;1940-09-23;Oberhausen;;;;0
9927;Lothar Strehlau;1944-10-14;;;;;0
9934;Robert Körner;1924-08-21;Wien;;;;0
9935;Fred Hoffmann;1918-06-10;Fürth;;;;0
10001;Willi Holdorf;1940-02-17;;;Licence trainer;;0
10009;Mikhail Rushchinskiy;1895-01-05;Moskau;;;;0
10029;Thomas Barthel;1929-09-14;;;;;0
10100;Franz Linken;1912-07-13;Barmen;;;;0
10114;Fritz Pliska;1915-12-20;Gelsenkirchen;;;;0
10115;Heinz-Ludwig Schmidt †;1920-03-02;Berlin;;;;0
10190;Michael Pfeiffer;1925-07-19;Eschweiler;;;;0
10193;Zeljko Cajkovski;1925-05-05;Zagreb;;;;0
10347;Johann Kondert;1944-09-10;Reghin;;UEFA A Licence;;0
10356;Friedel Elting †;1936-12-19;Bocholt;;;;0
10484;Metin Türel;1935-09-13;Istanbul;;;;0
10529;Lothar Kleim;1936-10-27;;;;;0
10533;Alex Smith;1939-12-25;Cowie;;UEFA Pro Licence;;0
10536;Aleksander Mandziara;1940-08-16;Gleiwitz;;;;0
10552;Miso Smajlovic;1938-10-28;;;;;0
10569;Ivan Vutsov;1939-12-14;Gabrovo;;;;0
10599;Bobby Moncur;1945-01-19;Perth;;;;0
10600;Willie Ormond;1927-02-23;Falkirk;;;;0
10603;Tommy Walker;1915-05-26;Livingston;;;;0
10607;Antoni Piechniczek;1942-05-03;Königshütte;;;;0
10609;José Torres;1938-09-08;Santarém;;;;0
10622;György Mezey;1941-09-07;Topolya;;;;0
10625;Ronnie McFall;1945-07-18;Belfast;;UEFA Pro Licence;4-4-2 double 6;0
10643;Miguel Munoz;1922-01-19;Madrid;;;;0
10656;Billy Bingham;1931-08-05;Belfast;;;;0
10665;Hannes Baldauf;1938-03-09;Pausa (Vogtland);;;;0
10683;Guy Thys;1922-12-06;Antwerpen;;;;0
10684;Cayetano Ré;1938-02-07;Asunción;;;;0
10759;Henryk Apostel;1941-01-29;Bytom;;;;0
10996;Lothar Emmerich;1941-11-29;Dortmund-Dorstfeld;;;;0
11063;Günther Exner;1940-10-14;;;;;0
11068;Klaus Quinkert;1930-12-05;Neukirchen-Vluyn;;;;0
11069;Heinz Patzig †;1929-09-19;Chemnitz;;;;0
11229;Milovan Beljin;1936-09-07;Novi Sad;;Head coach;;0
11594;Imre Farkasinszky;1924-09-02;;;;;0
11847;Florin Halagian;1939-03-07;Bukarest;;;;0
11860;Fritz Grösche;1941-10-03;;;Licence trainer;;0
11862;Jan Liberda;1936-11-26;Bytom;;Licence trainer;;0
11880;Herbert Wenz;1928-06-24;;;;;0
11886;Hannes Kirk;1924-03-03;Hebrondamnitz;;;;0
11901;Ron Greenwood;1921-11-11;Worsthorne;;;;0
11908;Hans-Wolfgang Weber;1916-01-12;;;;;0
11974;Konstantin Beskov;1920-11-18;Moskau;;;;0
12054;Miljan Miljanic;1930-05-04;Bitola;;;;0
12058;Viktor Nosov;1940-07-19;Donezk;;;;0
12094;Luis Molowny;1925-05-12;Santa Cruz de Tenerife;;;;0
12103;Rachid Belhout;1944-06-14;;;;;0
12120;Jean Vincent;1930-11-29;Labeuvrière;;;;0
12172;Aki Schmidt;1935-09-05;Dortmund;;;;0
12214;Klaus-Peter Jendrosch;1939-04-30;Lindenberg;;;;0
12227;Ludwig Lachner †;1910-07-25;;;;;0
12253;Georg Stollenwerk;1930-12-19;Düren;;;;0
12256;Volker Kottmann;1937-11-07;;;;;0
12259;Klaus Basikow;1937-06-12;;;;;0
12277;Horst Hülß;1938-09-05;Rossach;;;;0
12280;Bernhard Termath;1928-08-26;Essen;;;;0
12286;Willibert Weth;1931-03-02;;;;;0
12297;Günter Hentschke;1921-12-03;Berlin;;;;0
12321;Jock Stein;1922-10-05;Burnbank;;;;0
12326;László Kubala;1927-06-10;Budapest;;;;0
12347;Richard Ackerschott;1921-12-10;;;;;0
12356;Kálmán Mészöly;1941-07-16;Budapest;;;;0
12395;Gerd Achterberg;1940-12-04;;;;;0
12438;Otto Luttrop;1939-03-01;Unna;;;;0
12545;Sandro Puppo;1918-01-28;Piacenza;;;;0
12721;Graham Taylor;1944-09-15;Worksop;;UEFA Pro Licence;;0
12725;Ernst Mareczek †;1937-09-19;;;;;0
12980;Hans Eberle;1925-09-28;;;;;0
12987;Jockel Krause;1920-03-28;Forlauken;;;;0
12990;Stanko Poklepovic;1938-04-19;Split;;;;0
12991;Fritz Wilde;1920-07-04;;;;;0
12999;Radoslav Momirski †;1919-09-04;;;;;0
13024;Lajos Baróti;1914-08-19;Szeged;;;;0
13040;Jacek Gmoch;1939-01-13;Pruszków;;;;0
13128;Ally MacLeod;1931-02-26;Glasgow;;;;0
13155;Georg Buschner;1925-12-26;Gera;;;;0
13184;Hristo Mladenov;1928-01-07;Krushovitsa;;;;0
13195;Kazimierz Gorski;1921-03-02;Lwów;;;;0
13285;Dmitri Maksimov;1900-01-01;;;;;0
13299;Husnija Arapovic;1944-08-07;Zenica;;UEFA Pro Licence;;0
13333;Ferruccio Valcareggi;1919-02-12;Trieste;;;;0
13361;Raymond Goethals;1921-10-07;Vorst;;;;0
13578;Anatoli Tarasov;1918-12-10;Moskau;;;;0
13581;Lev Korchebokov;1907-02-26;Tsarskoe Selo, St. Petersburg Region;;;;0
13584;Vladimir Agapov;1933-11-18;Moskau;;;;0
13625;Dumitru Dumitriu;1945-11-19;Bukarest;;UEFA Pro Licence;;0
13700;John Kirwan †;1878-02-09;County Wicklow;;;;0
13818;Klaus Mank;1944-05-04;Frankfurt am Main;;;;0
13876;Özkan Sümer;1940-11-20;Trabzon;;UEFA Pro Licence;;0
13877;Kurt Linder;1933-10-08;Neureut;;;;0
14006;Lawrie McMenemy;1936-07-28;Gateshead;;;;0
14051;Cor Brom;1932-08-27;Amsterdam;;;;0
14058;Spitz Kohn;1933-11-01;Esch-sur-Alzette;;;;0
14060;Bobby Haarms;1934-03-08;Amsterdam;;;;0
14062;Cor van der Hart;1928-01-25;Amsterdam;;;;0
14069;Anton Dragun;1942-06-12;;;;;0
14162;Ernst Künnecke;1938-01-03;Mechelen;;;;0
14273;Denis Neville;1915-05-06;London;;;;0
14324;Eugenio Fascetti;1938-10-23;Viareggio;;;;0
14336;Andrzej Pyrdol;1945-12-25;Sieradz;;;;0
14372;Arnaud Dos Santos;1945-09-19;Beautor;;;;0
14398;František Fadrhonc;1914-12-18;Nymburk;;;;0
14401;George Knobel;1922-12-10;Roosendaal;;;;0
14404;Kees Rijvers;1926-05-27;Breda;;;;0
14410;Stefan Kovacs;1920-10-02;Timișoara;;;;0
14411;Hans Kraay Sr.;1936-10-14;Utrecht;;;;0
14520;Friedrich Donnenfeld;1912-01-17;Wien;;;;0
14756;István Sztáni;1937-03-19;Ózd;;;;0
14786;Karl Jiszda;1899-07-21;Wien;;;;0
14795;Sándor Popovics;1939-06-22;Keszthely;;;;0
14936;Dieter Fietz;1942-09-12;;;;;0
15335;Barry Fry;1945-04-07;Bedford;;UEFA Pro Licence;;0
15743;Giovanni Ferrari;1907-12-06;Alessandria;;;;0
15927;Vukasin Visnjevac;1937-06-10;Gacko;;;;0
16204;Sir Matt Busby;1909-05-26;Orbiston, Bellshill;;;;0
16209;Wilf McGuinness;1937-10-25;Manchester;;;;0
16374;Dave Bassett;1944-09-04;Stanmore;;UEFA Pro Licence;;0
16378;Vasilios Daniil;1938-08-03;Kavala;;;;0
16384;Loro Boriçi;1922-08-10;Shkodër;;;;0
16434;Hans Brun Larsen;1943-01-30;;;;;0
16435;Miltos Papapostolou;1935-09-09;Omvriaki Fthiotidas;;;;0
16465;Auguste Jordan;1909-02-21;Linz;;;;0
16598;Frank Clark;1943-09-09;Rowlands Gill;;UEFA Pro Licence;;0
16599;Mário Wilson;1929-10-17;Lourenço Marques;;;;0
16698;Lajos Szurgent;1944-10-14;Körösladány;;A Licence;;0
16870;Nikolaos Christidis;1944-08-02;Thessaloniki;;;;0
16871;Konstantinos Polychroniou;1936-11-12;Platanistos;;;;0
16981;Harald Braner;1943-08-19;Worms;;Licence trainer;;0
16984;Stefan Abadjiev;1934-07-03;Sofia;;;;0
16991;Dan Georgiadis;1922-05-05;Ithaka;;;;0
16993;Kostas Negrepontis †;1896-11-30;Istanbul;;;;0
16994;Lakis Petropoulos;1932-08-29;Athen;;;;0
16995;Les Shannon;1926-03-12;Liverpool;;;;0
17059;Albert Batteux;1919-07-02;Reims;;;;0
17060;José Villalonga;1919-12-04;Madrid;;;;0
17179;René Hauss;1927-12-25;Straßburg;;;;0
17215;Llompart;1944-10-06;Inca;;;;0
17221;Joaquín Peiró;1936-01-29;Honrubia;;;;0
17240;Paquito;1938-02-14;Oviedo;;;;0
17255;Vic Buckingham;1915-10-23;Greenwich;;;;0
17286;Johann Hörmayer;1942-05-28;;;UEFA A Licence;;0
17351;Fernando Mendes;1937-07-15;Seia;;;;0
17410;Hermann Erlhoff;1944-12-22;Herten;;Licence trainer;;0
17419;Dieter Tartemann;1944-05-16;;;Licence trainer;;0
17477;Ray Harford †;1945-06-01;Halifax;;UEFA Pro Licence;;0
17481;Noel Cantwell;1932-02-28;Cork;;;;0
17594;Antonis Georgiadis;1933-01-25;Drama;;;;0
17596;Dezsö Novák;1939-02-03;Ják;;;;0
17612;Arsenio Iglesias;1930-12-24;Arteijo, La Coruña;;;;0
17625;Ronnie Moran;1934-02-28;Crosby;;;;0
17742;Bill Shankly;1913-09-02;Glenbuck;;;;0
17744;Bob Paisley;1919-01-23;Hetton-le-Hole;;;;0
17922;Pierre Mosca;1945-07-24;Demonte;;;;0
17923;Jean Sérafin;1941-06-24;Auzat;;;;0
17945;Walter Fritzsch;1920-11-21;Planitz;;;;0
17946;Manfred Fuchs;1938-11-26;Chemnitz;;;;0
17947;Janos Gyarmati;1910-02-08;Tapioszele;;;;0
17948;Kurt Kresse;1919-10-15;;;;;0
17951;Gerhard Prautzsch;1941-09-25;Rochlitz;;;;0
18013;Ferdinand Janotka;1945-10-17;Wien;;UEFA A Licence;;0
18015;Johann Löser;1937-03-23;;;;;0
18016;Urbain Haesaert;1941-05-05;Waasmunster;;;;0
18027;Shlomo Scharf;1943-01-01;Biysk, Altai Krai;;;;0
18113;Asparuh Nikodimov;1945-08-21;Bogyovtsi, Sofia Province;;;;0
18124;Txutxi Aranguren;1944-12-26;Portugalete;;;;0
18125;Iñaki Sáez;1943-04-23;Bilbao;;;;0
18161;Bejkush Birce;1943-02-13;;;;;0
18169;Vaclav Jezek;1923-10-01;Zvolen;;;;0
18170;Alfredo di Stéfano;1926-07-04;Buenos Aires;;;;0
18173;Ferenc Kovács;1934-01-07;Budapest;;;;0
18216;Fritz Millinger;1935-03-19;;;;;0
18219;Vladimir Popovic;1935-03-17;Zemun;;;;0
18220;Oldrich Svab;1944-11-02;;;;;0
18275;Anatoli Puzach;1941-06-03;Krasny Kut;;;;0
18295;Carlos Alberto Silva;1939-08-14;Bom Jardim de Minas;;;;0
18297;Giannis Kollias;1933-12-15;Korinth;;;;0
18523;Eugène Gerards;1940-05-07;Brunssum;;UEFA Pro Licence;;0
18524;Benny Lennartsson;1942-12-14;Örebro;;;;0
18548;Guido Mey;1944-09-18;;;;;0
18624;Herbert Binkert;1923-09-03;Karlsruhe;;;;0
18626;Gennadi Kostylev;1940-09-27;Kostiantynivka, Donetsk Region;;;;0
18712;Luis Costa;1943-02-19;Alicante;;;;0
18741;Michal Medvid;1940-05-01;;;;;0
18755;Janos Gerdov;1923-05-13;;;;;0
18957;Anatoli Zayaev;1931-10-27;Simferopol, Krym;;;;0
19007;William Townley;1866-02-14;Blackburn;;Licence trainer;;0
19008;Edgar Chadwick †;1869-06-14;Blackburn;;;;0
19065;Jan Mak;1945-06-21;;;;4-2-3-1;0
19104;Stanislav Zavidonov;1934-10-14;Kansk, Krasnoyarsk Region;;;;0
19185;Nils Liedholm;1922-10-08;Valdemarsvik;;;;0
19252;Bob Gould;1945-06-12;Coventry;;UEFA Pro Licence;;0
19270;Fritz Korbach;1945-07-18;Diez an der Lahn;;;;0
19396;Nodar Akhalkatsi;1938-01-02;Tbilisi, Georgian SSR;;;;0
19424;Uwe Ebert;1945-03-06;Hildesheim;;;;0
19436;Christos Archontidis;1938-06-26;Lefkonas;;;;0
19449;Panos Markovic;1925-05-05;Drama;;;;0
19450;Antonis Migiakis;1911-10-23;;;;;0
19451;Tryfon Tzanetis;1918-01-01;Smyrna;;;;0
19495;Ferenc Puskás;1927-04-02;Budapest;;;;0
19524;Nereo Rocco;1912-05-20;Trieste;;;;0
19532;Rudolf Strittich;1922-03-03;Steyr;;;;0
19548;Brian Clough;1935-03-21;Middlesbrough;;;;0
19549;Peter Taylor;1928-07-02;Nottingham;;;;0
19554;Issy ten Donkelaar;1941-11-07;Losser;;Licence trainer;;0
19576;Klaus Urbanczyk;1940-06-04;Halle (Saale);;;;0
19587;Hans Dorjee;1941-07-26;Delft;;;;0
19589;Hans Cieslarczyk;1937-05-03;Herne-Holthausen;;;;0
19591;Wolfgang Solz;1940-02-12;Frankfurt am Main;;;;0
19593;Peter Velhorn;1932-11-24;München;;;;0
19612;Willi Lippens;1945-11-10;Bedburg-Hau;;;;0
19650;Wolf-Rüdiger Krause;1944-09-07;Kolberg;;;;0
19651;Jan Olsson;1944-03-17;Kungshamn;;;;0
19683;Vyacheslav Solovjev;1925-01-18;Veshnyaki, Moskau Region;;;;0
19745;Gunter Böhme;1939-10-30;;;;;0
19752;Konrad Schaller;1943-11-03;;;;;0
19760;Dieter Fuchs;1940-10-19;;;;;0
19771;Gerhard Körner;1941-09-20;Zwickau;;;;0
19785;Harro Miller;1940-04-22;Chemnitz;;;;0
19786;Manfred Pfeifer;1934-10-30;Chemnitz;;;;0
19793;Hans-Joachim Speth †;1934-07-06;Halberstadt;;;;0
19800;Werner Schwenzfeier;1925-04-10;Berlin;;;;0
19850;Wilhelm Haag;1944-08-06;Sohren;;;;0
19914;Hans-Jürgen Stenzel;1931-11-08;;;;;0
19976;Josef Becker;1943-03-30;;;;;0
19989;Klaus Sinn;1936-10-18;Zeiskam;;Licence trainer;;0
20071;Paul Böhm;1919-06-04;;;;;0
20126;Kuno Böge;1926-08-10;;;;;0
20185;Ettore Puricelli;1916-09-15;Montevideo;;;;0
20189;Franz Wagner;1911-09-23;Wien;;;;0
20196;Tony Barton;1937-04-08;Sutton;;;;0
20214;Dieter Schulte;1938-12-18;;;;;0
20239;Gerd Menne;1939-12-14;Birkenfeld;;Licence trainer;;0
20307;Fips Rohr;1918-08-10;Mannheim;;;;0
20311;Erwin Türk;1934-11-12;Bielefeld;;;;0
20342;Gerd Higi;1919-02-08;;;;;0
20479;Werner Sterzik;1940-01-09;;;;;0
20639;Simon Kistemaker;1941-08-29;IJmuiden;;;;0
20699;Karl-Heinz Burwieck;1943-12-18;;;;;0
20700;Fritz Gödicke;1919-10-21;Zeitz;;;;0
20701;Ulrich Prüfke;1940-10-02;Berlin;;;;0
20703;Harald Seeger;1922-04-01;Brandenburg an der Havel;;;;0
20705;Karl Schäffner;1931-12-29;Apolda;;;;0
20706;Gerhard Reichelt;1931-02-15;;;;;0
20757;Manfred Kupferschmied;1941-11-20;Brüx;;Licence trainer;;0
20760;Bringfried Müller;1931-01-28;Gera;;;;0
20811;Luigi Radice;1935-01-15;Cesano Maderno;;;;0
20977;Alf Ramsey;1920-01-22;Dagenham;;;;0
21000;Javier Expósito;1931-09-18;San Sebastian;;;;0
21066;Albert Becker;1930-05-15;;;;;0
21149;Horst-Dieter Strich;1941-04-08;Berlin;;;;0
21224;Joe Fagan;1921-03-12;Liverpool;;;;0
21258;Karl Decker;1921-09-05;Wien;;;;0
21260;Karl Geyer;1899-03-24;Wien;;;;0
21261;Béla Guttmann;1899-01-27;Budapest;;;;0
21265;Johann Pesser;1911-11-07;Wien;;;;0
21290;Walter Baureis;1930-04-22;Viernheim;;;;0
21307;Jimmy Armfield;1935-09-21;Manchester;;UEFA Pro Licence;;0
21318;Fritz Schollmeyer;1922-06-19;;;Licence trainer;;0
21332;József Both;1945-07-23;;;;;0
21334;József Verebes †;1941-03-23;Budapest;;;;0
21356;John Greig;1942-09-11;Edinburgh;;;;0
21401;Bertie Auld;1938-03-23;Glasgow;;;;0
21434;Helmut Herbert;1940-08-21;;;UEFA A Licence;;0
21461;Corrado Orrico;1940-04-16;Massa;;;;0
21580;Helmut Haller;1939-07-21;Augsburg;;;;0
21584;Andrzej Strejlau;1940-02-19;Warszawa;;;;0
21647;Walter Crook †;1912-04-28;Whittle-le-Woods;;;;0
21648;Karl Humenberger;1906-10-25;Wien;;;;0
21649;Willy Stejskal;1896-04-25;Vienna;;;;0
21659;Hugo Meisl;1881-11-16;Maleschau;;;;0
21712;Sidney Castle;1892-03-12;Basingstoke;;;;0
21714;Jan Distelbrink;1915-10-14;Amsterdam;;;;0
21715;Pepi Gruber;1912-05-04;Wien;;;;0
21716;Vilmos Halpern †;1910-02-12;Budapest;;;;0
21717;Karel Kaufman;1898-04-29;Amsterdam;;;;0
21719;Harold Rose †;1900-03-27;Reading;;;;0
21720;Jack Rowley;1920-10-07;Wolverhampton;;;;0
21723;Dolf van Kol;1902-08-02;Amsterdam;;;;0
21724;Wim Volkers;1899-10-03;Amsterdam;;;;0
21728;Jack Reynolds;1881-09-23;Manchester;;;;0
21738;Robert Smith †;1912-12-15;;;;;0
21775;George Hardwick;1920-02-02;Saltburn;;;;0
21799;Ivan Djalma Markovic;1928-11-06;Senj;;;;0
21804;Jesse Carver;1911-07-07;Liverpool;;;;0
21805;Jimmy Hogan;1882-10-16;Nelson;;;;0
21806;Billy Hunter;1885-04-02;Alva;;;;0
21808;Jaap van der Leck;1911-09-10;Oudshoorn;;;;0
21836;Nol de Ruiter;1940-04-06;Utrecht;;;;0
21863;Henk Vonk;1941-03-04;Nieuwegein;;;;0
22016;Mirko Jozic;1940-04-08;Trilj;;;;0
22113;Ernst Hlozek;1929-12-11;Bratislava;;;;0
22116;Walter Ludescher;1942-10-05;;;UEFA A Licence;;0
22298;Robert Herbin;1939-03-30;Paris;;UEFA Pro Licence;;0
22310;Vladimir Beara;1928-11-02;Sinj;;Licence trainer;;0
22465;Michael Kadosh †;1940-04-23;Alexandria;;;;0
22483;Rudolf Illovszky;1922-02-21;Budapest;;;;0
22572;Nikolaos Alefantos;1939-01-03;Athen;;;;0
22619;Jozef Obert;1938-01-04;Partizánske;;;;0
22631;Angelo Niculescu;1921-10-01;Craiova;;;;0
22633;Stefan Onisie;1925-11-23;Vulcan;;;;0
22634;Gheorghe Popescu;1919-08-08;Bukarest;;;;0
22636;Ilie Savu;1920-01-09;Cornăţelu;;;;0
22638;Constantin Cernaianu;1933-10-12;Târgu Jiu;;;;0
22639;Gheorghe Constantin;1932-12-14;Bukarest;;;;0
22640;Bujor Halmageanu;1941-02-14;Timișoara;;;;0
22641;Traian Ionescu;1923-06-17;Văleni;;;;0
22642;Valentin Stanescu;1922-11-20;Bukarest;;;;0
22644;Constantin Teasca;1922-09-25;Giurgiu;;Licence trainer;;0
22655;Billy Bremner;1942-12-09;Stirling;;;;0
22831;José Luis Romero;1945-01-05;Madrid;;;;0
22835;Lolly Debattista;1929-12-21;;;;;0
22837;Wladislaw Zmuda;1939-02-10;Ruda Slaska;;;;0
22854;Keith Burkinshaw;1935-06-23;Barnsley;;;;0
22869;Shyqyri Rreli;1930-05-18;;;;;0
22885;Lawrence Borg;1945-12-25;;;;;0
22903;Jim McLaughlin;1940-12-22;Londonderry;;;;0
22907;Todor Veselinovic;1930-10-22;Novi Sad;;;;0
22941;Henk Houwaart;1945-08-31;Den Haag;;;;0
22946;Branko Stanković;1921-10-31;Sarajevo;;;;0
22989;Vasil Metodiev;1935-01-06;;;;;0
22993;Fernando Cabrita;1923-05-01;Lagos;;;;0
23002;Ante Mladinic †;1929-10-01;Split;;;;0
23003;Alan Ball;1945-05-12;Farnworth;;UEFA Pro Licence;;0
23016;John Eric Smith;1934-07-29;Glasgow;;;;0
23020;Mikhail Sushkov;1899-01-19;Moskau;;;;0
23021;Rudolf Vytlacil;1912-02-09;Schwechat;;;;0
23024;István Vági;1942-03-22;;;;;0
23025;Billy McNeill;1940-03-02;Bellshill;;;;0
23026;Mikhail Yakushin;1910-11-15;Moskau;;;;0
23092;Gavriil Kachalin;1911-01-17;Moskau;;;;0
23117;Ottavio Bianchi;1943-10-06;Brescia;;;;0
23126;Ioncho Arsov;1929-09-12;Sofia;;UEFA Pro Licence;;0
23127;Allan Larsen;1943-02-22;København;;;;0
23167;Dusan Draskovic;1939-06-20;Banja Luka;;;;0
23194;Andon Doncevski;1935-11-19;Kavadarci;;;;0
23217;Velibor Vasović;1939-10-03;Požarevac;;;;0
23247;Milos Milutinovic;1933-02-05;Bajina Bašta;;;;0
23249;Rino Marchesi;1937-06-11;San Giuliano Milanese;;;;0
23298;Agne Simonsson;1935-10-19;Göteborg;;;;0
23377;Ted Immers;1941-03-31;;;;;0
23384;Hans van Doorneveld;1940-09-09;Amsterdam;;;;0
23414;Robert Fuchs;1891-12-10;Idar-Oberstein;;;;0
23423;Evgeni Yanchovski;1939-09-05;Stara Zagora;;;;0
23424;Wiel Coerver;1924-12-03;Kerkrade;;;;0
23425;Willy Kment;1913-11-30;;;;;0
23426;Jiri Sobotka;1911-06-06;Prag;;;;0
23427;Leslie Talbot;1910-08-03;Hednesford;;;;0
23428;Franz Fuchs;1915-11-25;;;;;0
23429;Victor Havlicek;1914-07-16;Wien;;;;0
23432;Jack Hall †;1885-05-08;Southfields;;;;0
23435;Sam Wadsworth;1896-09-13;Darwen;;;;0
23437;Fatmir Frashëri;1939-11-30;;;;;0
23442;Keijo Voutilainen;1936-09-14;Kuopio;;;;0
23448;Richard Kohn;1888-02-27;Wien;;;;0
23465;Osvaldo Bagnoli;1935-07-03;Milano;;;;0
23472;Fritz Pfister;1924-01-17;;;;;0
23492;Wolfgang Knaupe;1940-07-06;;;Licence trainer;;0
23500;Hubert Kostka;1940-05-27;Markdorf;;;;0
23530;Bedford Jezzard;1927-10-19;Clerkenwell;;;;0
23535;Doug Livingstone;1898-02-25;Alexandria;;;;0
23570;Tommy Docherty;1928-04-24;Glasgow;;;;0
23571;Bill Dodgin, Jr.;1931-11-04;Gateshead;;;;0
23572;Bill Dodgin, Sr. †;1909-04-17;Gateshead;;;;0
23575;Mike Walker;1945-11-28;Colwyn Bay;;;;0
23631;Bobby Campbell;1937-04-23;Liverpool;;;;0
23632;Alan Dicks;1934-08-29;London;;;;0
23634;Frank Osborne †;1896-10-14;Wynberg;;;;0
23635;Jack Peart †;1888-10-03;South Shields;;;;0
23636;Alec Stock †;1917-03-30;Peasedown St John;;;;0
23646;Dietmar Pfeifer;1940-04-22;Chemnitz;;;;0
23717;Giovanni Invernizzi;1931-08-26;Albairate;;;;0
23719;Enea Masiero;1933-12-08;Lonigo;;;;0
23733;Kent Karlsson;1945-11-25;Arboga;;;;0
23794;Cestmir Vycpalek;1921-05-15;Prag;;;;0
23856;Pierre Cahuzac;1927-07-03;Saint-Pons de Thommière;;;;0
23857;Kader Firoud;1919-10-11;Oran;;;;0
23860;Jean Prouff;1919-09-12;Peillac;;;;0
23861;Jean Snella;1914-12-09;Dortmund-Mengede;;;;0
23862;Mario Zatelli;1912-12-21;Sétif;;;;0
23866;Dave Merrington;1945-01-26;Newcastle upon Tyne;;;;0
23885;Johnny Haynes;1934-10-17;London;;;;0
23886;Jimmy Hill;1928-07-22;London;;;;0
23894;Peter Ukrow;1944-09-09;Groß-Lindow;;;;0
23912;Harry Bradshaw †;1853-06-15;Burnley;;;;0
23913;Joe Bradshaw †;1880-06-15;Burnley;;;;0
23918;Andy Ducat †;1886-02-16;London;;;;0
23919;Phil Kelso †;1871-05-26;Largs;;;;0
23920;Ned Liddell †;1878-05-27;Sunderland;;;;0
23921;James McIntyre;1882-02-01;Wednesbury;;;;0
23929;Joe Edelston †;1891-07-01;;;;;0
24047;John Lyall †;1940-02-24;Ilford;;;;0
24106;Colin Addison;1940-05-18;Taunton;;;;0
24131;Bert Jacobs;1941-03-05;Zandvoort;;;;0
24134;Luciano Castellini;1945-12-12;Milano;;;;0
24135;Luis Suárez;1935-05-02;A Coruña;;;;0
24195;Ab Fafié;1941-03-04;Rotterdam;;;;0
24326;Gyula Limbeck;1903-01-01;;;;;0
24365;Ted Fenton;1914-11-07;Forest Gate;;;;0
24366;Syd King †;1873-08-01;Chatham;;;;0
24367;Charlie Paynter;1879-07-28;Swindon;;;;0
24388;Heinz Krügel;1921-04-24;Oberplanitz;;;;0
24391;Károly Soós;1909-04-05;Budapest;;;;0
24428;Viktor Lukashenko;1937-07-02;Kiew;;;;0
24602;Anton Malatinsky;1920-01-15;Trnava;;;;0
24867;Josef Masopust;1931-02-09;Most;;;;0
24910;Tony Book;1934-09-04;Bath;;;;0
24965;Jimmy Gabriel;1940-10-16;Dundee;;;;0
25093;Didi;1928-10-08;Rio de Janeiro;;;;0
25112;Stefan Bozhkov;1923-09-20;Sofia;;;;0
25250;Grigori Pinaichev;1913-01-22;Moskau;;;;0
25259;Edmondo Fabbri;1921-11-16;Castel Bolognese;;;;0
25278;Henri Guérin;1921-08-27;Montmirail;;;;0
25283;Alfredo Foni;1911-01-20;Udine;;;;0
25400;Juan Carlos Lorenzo;1922-10-20;Buenos Aires;;;;0
25442;Evgeni Nikishin;1904-05-21;Moskau;;;;0
25446;Aymoré Moreira;1912-04-24;Miracema;;;;0
25447;Karl Rappan;1905-09-26;Wien;;;;0
25448;Fernando Riera;1920-06-27;Santiago de Chile;;;;0
25451;Prvoslav Mihajlović;1921-04-13;Valjevo;;;;0
25469;Vittorio Pozzo;1886-03-12;Torino;;;;0
25506;Helenio Herrera;1910-04-10;Buenos Aires;;;;0
25507;Georgi Pachedzhiev;1916-03-01;Sofia;;;;0
25516;József Nagy †;1892-10-15;Budapest;;;;0
25524;Josef Uridil;1895-12-24;Wien;;;;0
25582;Otto Bonsema;1909-11-03;Groningen;;;;0
25611;Tinaz Tirpan;1939-04-28;Ankara;;UEFA Pro Licence;;0
25650;Ljubisa Brocic †;1911-10-03;Belgrad;;;;0
25654;Bram Appel;1921-10-30;Rotterdam;;;;0
25685;Barry Hughes;1937-12-31;Caernarfon;;;;0
25725;Pim van de Meent;1937-11-20;Den Haag;;;;0
25736;Wojciech Lazarek;1937-10-04;Łódź;;;;0
25749;Huub de  Leeuw;1910-04-15;Tilburg;;;;0
25822;Coskun Özari;1931-01-04;Istanbul;;;;0
25857;Esko Malm;1940-08-23;Valkeakoski;;;;0
25862;Leo Steegman;1943-11-08;Rotterdam;;;;0
25930;Ilario Castagner;1940-12-18;Vittorio Veneto;;;;0
25934;Francesco Scoglio;1941-05-02;Lipari;;;;0
25946;Huib Ruigrok;1944-04-26;;;;;0
25982;Eduard Markarov;1942-06-20;Baku;;;;0
25994;Joop Brand;1936-06-11;Rotterdam;;;;0
25996;Mircea Petescu;1943-05-15;Pecica;;;;0
25997;Henk Wullems;1936-01-21;;;;;0
26032;Tarcisio Burgnich;1939-04-25;Ruda;;;;0
26033;Bruno Giorgi;1940-11-20;Pavia;;;;0
26034;Bruno Mazzia;1941-03-14;Vigliano Biellese;;;;0
26037;Eugenio Bersellini;1936-06-10;Borgo Val di Taro;;;;0
26062;Bill McGarry;1927-06-10;Stoke-on-Trent;;;;0
26063;Jim McLean;1937-08-02;Larkhall;;;;0
26064;Bill Nicholson;1919-01-26;Scarborough;;;;0
26075;Koldo Aguirre;1939-04-27;Sondika;;;;0
26092;Wudi Müller;1909-05-13;;;;;0
26208;Luis Carniglia;1917-10-04;Olivos;;;;0
26211;Giuseppe Viani;1909-09-13;Treviso;;;;0
26216;Abdulah Gegic;1924-03-19;Novi Pazar;;;;0
26222;Enrique Orizaola;1922-03-26;Santander;;;;0
26257;Romano Cazzaniga;1943-02-17;Roncello;;;;0
26258;Giancarlo De Sisti;1943-03-13;Roma;;;;0
26287;Aldo Agroppi;1944-04-14;Piombino;;;;0
26299;Angelo Pereni;1943-12-12;Gorla Minore;;;;0
26301;Lamberto Giorgis;1932-03-04;Città di Castello;;;;0
26302;Sergio Vatta;1937-12-05;Zara;;;;0
26317;Massimo Giacomini;1939-08-14;Udine;;;;0
26318;Gustavo Giagnoni;1933-03-23;Olbia;;;;0
26334;Rudolf Flögel;1939-12-13;Wien;;UEFA A Licence;;0
26338;George Raynor;1907-01-13;Hoyland Common;;;;0
26345;Karel Kolsky;1914-09-21;Kročehlavy;;;;0
26346;Jimmy Murphy;1910-08-08;Pentre;;;;0
26371;German Zonin;1926-09-09;Kazan;;;;0
26428;Silvio Piola;1913-09-29;Robbio;;;;0
26446;Flávio Costa;1906-09-14;Carangola (MG);;;;0
26484;Mario Corso;1941-08-25;Verona;;;;0
26509;Aulis Rytkönen;1929-01-05;Karttula;;;;0
26512;Roger Vonlanthen;1930-12-05;Lancy;;;;0
26546;Manuel Fleitas Solich;1900-12-30;Asunción;;;;0
26549;Alfréd Schaffer;1893-02-13;Pozsony;;;;0
26598;Joseph Cilia;1937-10-22;Msida;;;;0
26600;José Maria Pedroto;1928-10-21;Lamego;;;;0
26610;Vladimir Taborsky;1944-04-28;Prag;;;;0
26612;Volodymyr Yemets;1937-04-03;;;;;0
26698;Terry Neill;1942-05-08;Belfast;;;;0
26702;Joaquim Rifé;1942-02-04;Barcelona;;;;0
26703;Nándor Hidegkuti;1922-03-03;Budapest;;;;0
26706;Scot Symon;1911-05-09;Errol;;;;0
26708;Jenő Dalnoki;1932-12-12;Budapest;;;;0
26711;Hans Croon;1936-05-25;Malang;;;;0
26715;Tinte †;1923-12-29;Córdoba;;;;0
26716;Don Revie;1927-07-10;Middlesbrough;;;;0
26719;Dave Sexton;1930-04-06;London;;;;0
26721;Michal Matyas;1910-09-28;Brzozów;;;;0
26722;Joe Mercer;1914-08-09;Ellesmore Port;;;;0
26726;Salvador Artigas;1913-02-23;Talavera de la Reina;;;;0
26727;Michal Vican;1925-03-26;Hlohovec;;;;0
26728;Anselmo Fernandez;1918-08-21;Lissabon;;;;0
26730;Béla Volentik;1907-12-05;;;;;0
26830;Henk van Brussel †;1936-06-12;Rijssen;;;;0
26834;Pim Visser;1930-09-28;;;;;0
26989;Aleksey Kalinin;1914-01-12;Podolsk, Moskau Region;;;;0
27011;Wladyslaw Stachurski;1945-03-27;Piotrkowice;;;;0
27013;Luis del Sol;1935-04-06;Arcos de Jalón;;;;0
27051;Vicente Cantatore;1935-10-06;Rosario;;;;0
27096;Harry Catterick;1919-11-26;Darlington;;;;0
27097;Colin Harvey;1944-11-16;Liverpool;;;;0
27121;Felipe Mesones;1936-02-09;Buenos Aires;;;;0
27132;Jürgen Großheim;1942-06-16;Quedlinburg;;;;0
27137;Giuseppe Marchioro;1936-03-13;Milano;;;;0
27190;Ivan Shchekin;1944-07-15;Kagula;;;;0
27226;Jan Brouwer;1940-05-24;Vlaardingen;;;;0
27313;Dave Mackay;1934-11-14;Edinburgh;;;;0
27331;Luís Vinício;1932-02-28;Belo Horizonte;;;;0
27343;Vlatko Markovic;1937-01-01;Bugojno;;;;0
27380;Carlo Parola;1921-09-20;Torino;;;;0
27447;Angelo Sormani;1939-07-03;Jaú;;;;0
27463;Fritz Belger;1914-04-19;Halle;;;;0
27464;Bruno Pesaola;1925-07-28;Buenos Aires;;;;0
27493;Enzo Ferrari;1942-10-21;San Donà di Piave;;;;0
27513;Lido Vieri;1939-07-16;Piombino;;;;0
27684;Ron Saunders;1932-11-06;Birkenhead;;;;0
27738;Pál Várhidi;1931-11-06;Újpest, Budapest;;;;0
27768;Andrea Valdinoci;1945-09-29;Firenze;;;;0
27788;Ivan Savostikov;1941-08-22;Minsk;;;;0
27907;Erich Hamann;1944-11-27;Pasewalk;;;;0
27938;Mike Smith;1937-11-30;Hendon;;;;0
27984;Vincenzo Montefusco;1945-04-26;Napoli;;;;0
28023;Enzo Robotti;1935-06-13;Alessandria;;;;0
28026;Roberto Clagluna;1939-10-10;Pisa;;;;0
28044;Igor Volchok;1931-10-04;Moskau;;;;0
28092;Ivan Andreev;1906-01-01;Zuevo, Vladimir Region;;;;0
28117;Danny Blanchflower;1926-02-10;Belfast;;;;0
28163;Ryszard Koncewicz;1911-04-12;Lviv;;;;0
28172;Gernot Fraydl;1939-12-10;Graz;;UEFA A Licence;;0
28173;Franz Hasil;1944-07-28;Wien;;UEFA A Licence;;0
28174;Franz Mikscha;1935-06-13;;;UEFA A Licence;;0
28181;Heinz Binder;1943-01-29;Wien;;UEFA A Licence;;0
28183;Franz Wolny;1940-04-12;Wien;;UEFA A Licence;;0
28190;Antoni Brzezanczyk;1919-01-19;Berezhany;;;;0
28191;Johann Frank;1938-05-14;Wien;;UEFA A Licence;;0
28194;Erhard Wieger;1941-07-30;;;UEFA A Licence;;0
28198;Günter Kaltenbrunner;1943-07-28;;;UEFA A Licence;;0
28277;Rob Jacobs;1943-10-15;Rotterdam;;;;0
28287;Revaz Dzodzuashvili;1945-04-10;Kutaisi;;;;0
28301;Yanko Dinkov;1937-03-16;Dupnitsa;;;;0
28409;Tor Röste Fossen;1940-06-19;Toten;;;;0
28461;Bertie Mee;1918-12-25;Bulwell, Nottinghamshire;;;;0
28472;Rolf Zetterlund;1942-01-02;Ludvika;;;;0
28480;Raimo Kauppinen;1936-04-17;;;;;0
28484;Pedro Dellacha;1926-07-09;Lanus;;;;0
28485;Joe Hooley;1938-12-26;Hoyland;;;;0
28486;Rolf Johannessen †;1910-03-15;Fredrikstad;;;;0
28489;Wolfgang Schlichthaber;1943-02-24;;;;;0
28490;Gérard Banide;1936-07-12;Paris;;;;0
28491;Tomislav Kaloperović;1932-01-31;Obrenovac;;;;0
28493;Djordje Milic;1943-10-27;Belgrad;;;;0
28494;Necdet Nis;1937-04-06;Ankara;;;;0
28499;Manol Manolov;1925-08-05;Sofia;;;;0
28504;Jock Wallace Jr.;1935-09-06;Wallyford;;;;0
28534;Lucien Leduc;1918-12-30;Le Portel;;;;0
28535;Jimmy Hagan;1918-01-21;Washington;;;;0
28537;Pedro Rocha;1942-12-03;Salto;;;;0
28541;József Mészáros;1923-01-16;Pesterzsébet;;;;0
28542;Leandro Remondini;1917-11-17;Verona;;;;0
28543;Ljubisa Spajic;1926-03-07;Belgrad;;;;0
28544;Jane Janevski;1920-01-01;;;;;0
28545;Gündüz Kilic;1919-10-29;Istanbul;;;;0
28546;Ernst Melchior;1920-06-26;Villach;;;;0
28547;Krum Milev;1915-06-11;Sofia;;;;0
28558;Fernando Argila;1922-12-26;Barcelona;;;;0
28571;Kjell Schou-Andreassen;1940-06-19;Stavanger;;;;0
28608;Włodzimierz Jakubowski;1939-12-14;Poznań;;;;0
28611;Bronislaw Waligora;1932-09-25;Sielec Biskupi;;;;0
28794;Nicolae Dumitru;1928-12-12;Bukarest;;;;0
28795;József Ember †;1902-11-30;;;;;0
28802;Colin Murphy;1944-01-21;Croydon;;;;0
28847;Len Ashurst;1939-03-10;Liverpool;;;;0
28900;Ivan Toplak;1931-09-21;;;;;0
28933;Giorgio Veneri;1939-09-10;Mantova;;;;0
29223;José María Maguregui;1934-03-16;Ugao-Miraballes;;;;0
29231;Roque Olsen;1925-09-09;Sauce de Luna;;;;0
29485;Imre Komora;1940-06-05;Budapest;;;;0
29527;Eusebio Ríos;1935-03-30;Portugalete;;;;0
29567;Antonio Benítez;1942-04-05;;;;;0
29652;José Novoa;1944-01-01;Gijón;;;;0
29714;Dunai Antal;1943-03-21;Gara;;;;0
29953;Josef Stroh;1913-03-05;Wien;;;;0
29959;Jerzy Kopa;1943-01-02;Baranovichi;;;;0
29983;Per Anders Sjövold;1942-10-16;;;;;0
30029;Bert Trautmann;1923-10-22;Bremen;;;;0
30139;Karsten Johannessen;1925-11-30;;;;;0
30256;Károly Lakat;1920-11-27;Győr;;;;0
30261;Vasile Stan;1945-02-11;;;;;0
30324;Antonio Briones;1939-07-17;Marbella;;;;0
30422;Delfín Álvarez;1936-09-14;Ourense;;;;0
30455;Sergey Bukhteev;1897-01-01;Moskau;;;;0
30493;Johny Calleja;1936-09-28;;;;;0
30538;David Schweitzer;1925-07-18;Tel Aviv;;;;0
30768;Edvin Hansen;1920-01-21;Køge;;;;0
30769;Jiri Rubas;1922-02-05;;;;;0
30779;Gilbert Legrand †;1933-06-22;;;;;0
30781;Karl Schlechta;1922-01-28;;;;;0
30787;Jörgen Hvidemose;1940-05-12;;;;;0
30828;Josef Pecanka †;1925-04-07;Wien;;A Licence;;0
30913;Ladislav Novák;1931-12-05;Ostředek;;;;0
30966;Ignác Molnár;1901-10-27;Budapest;;;;0
30967;Ahmet Suat Özyazici;1936-01-01;Trabzon;;;;0
30980;Liam Tuohy;1933-04-27;;;;;0
31003;Brian Birch;1931-11-18;Salford;;;;0
31005;Oscar Hold †;1918-10-19;Carlton;;;;0
31006;Miroslav Kokotovic;1913-04-15;Lukavac;;;;0
31011;Milovan Ciric;1918-02-12;Beograd;;;;0
31012;Enrique Fernández †;1912-06-10;Montevideo;;;;0
31013;András Kuttik;1896-05-23;Budapest;;;;0
31031;Hans Tauchert †;1904-03-05;Boizenburg;;;;0
31039;Tibor Kemény;1913-03-05;Budapest;;;;0
31040;Imre Kovács;1921-11-26;Budapest;;;;0
31041;Hugh Shaw;1895-10-08;Clydebank;;;;0
31042;Fritz Szepan;1907-09-02;Gelsenkirchen;;;;0
31044;Frank Soo;1914-03-12;Buxton;;;;0
31051;Robert Dienst;1928-03-01;;;;;0
31054;Aleksandar Tomasević †;1908-11-19;Belgrad;;;;0
31056;Edward Brzozowski †;1920-10-11;;;;;0
31057;Bill Gormlie;1911-05-12;Liverpool;;;;0
31061;Alejandro Scopelli;1908-05-12;La Plata;;;;0
31062;Géza Toldi;1909-02-11;Budapest;;;;0
31088;Ferdinand Daucik;1910-05-30;Ipolyság;;;;0
31089;Willi Hahnemann;1914-04-14;Wien;;;;0
31091;Willi Macho;1919-08-14;;;;;0
31112;Karl Adamek;1911-07-23;Wien;;;;0
31116;Milorad Pavić;1921-11-11;Valjevo;;;;0
31118;Bobby Brown;1923-03-19;Dunipace;;;;0
31122;Satur Grech †;1914-06-06;Alicante;;;;0
31123;Diego Villalonga;1917-02-16;Utrera;;;;0
31127;Vilmos Várszegi;1922-05-25;;;;;0
31128;Peter Vesterbak †;1913-05-28;Aarhus;;;;0
31135;Harry Game †;1923-09-27;;;;;0
31145;Günter Praschak;1929-09-12;Heidenreichstein;;Licence trainer;;0
31154;Aleksandr Sevidov †;1921-09-05;Moskau;;;;0
31228;Charles Hurley;1936-10-04;Cork;;;;0
31321;Johnny Carey;1919-02-23;Macclesfield;;;;0
31340;José Antonio Irulegui;1937-04-01;Lasarte;;;;0
31401;Rudolf Kock;1901-06-29;Nacka;;;;0
31402;Ian McColl;1927-06-07;Alexandria;;;;0
31409;Willibald Hahn;1908-01-31;Wien;;;;0
31475;Alex Stevenson;1912-08-09;;;;;0
31510;Giancarlo Cadè;1930-02-27;Zanica;;;;0
31511;Andy Beattie;1913-08-11;Kintore;;;;0
31513;Jóhannes Atlason;1944-09-07;;;;;0
31514;Victor Scerri;1929-07-17;;;;;0
31524;Kristian Henriksen †;1911-03-03;;;;;0
31540;Juca;1929-01-13;Maputo;;;;0
31554;Yuri Illichev;1927-12-08;Moskau;;;;0
31559;Nikita Simonyan;1926-10-12;Armavir, Krasnodar Region;;;;0
31573;Márton Bukovi;1903-12-10;Budapest;;;;0
31574;Tony Knapp;1936-10-13;Newstead;;;;0
31602;Antonin Rygr;1921-08-15;Kročehlavy;;;;0
31626;René Hüssy;1928-10-19;Zürich;;;;0
31638;George Curtis;1919-12-03;West Thurrock, Essex;;;;0
31712;Sabri Kiraz;1918-01-01;Istanbul;;;;0
31824;John Prentice;1926-08-02;Shotts;;;;0
31853;Terenzio Polverini;1936-01-01;Terni;;;;0
31857;Arie de Vroet;1918-11-09;Oud Beijerland;;;;0
31859;Stoyan Ormandzhiev;1920-01-10;Sofia;;;;0
31860;Gerd Springer;1927-02-06;;;;;0
31898;Henri Atamaniuk;1944-10-28;Freyming-Merlebach;;UEFA Pro Licence;;0
31940;Ivan Gluchev;1942-12-17;;;;;0
31942;Edmund Zientara;1929-01-25;Warszawa;;;;0
31945;René Pascucci;1926-12-19;Esch-sur-Alzette;;;;0
31948;John Mortimore;1934-09-23;Farnborough;;;;0
31954;Arvid Knutsen;1944-03-03;Stavanger;;;;0
31955;Poul Erik Bech †;1938-03-15;Fredericia;;;;0
31963;Bosko Antić;1945-01-07;Sarajevo;;;;0
31976;Evgeni Goryansky †;1929-02-28;Moskau;;;;0
31982;Veniamin Arzamastsev;1937-08-01;Kasakevichevo;;;;0
31986;Alberto Ormaetxea;1939-04-07;Eibar;;;;0
31992;Andreas Morisbak;1940-05-19;Vefsn;;;;0
31997;Frantisek Havránek †;1923-07-11;Bratislava;;;;0
32006;Tomas Pospichal;1936-06-26;Pudlov;;;;0
32026;Danny McLennan;1925-05-05;Stirling;;;;0
32029;Igor Netto;1930-01-09;Moskau;;;;0
32030;Frank O'Farrell;1927-10-09;;;;;0
32036;Bill Berry †;1904-08-18;Hackney;;;;0
32037;George Eastham;1914-09-13;Blackpool;;;;0
32038;Gustav Lechner;1913-02-17;Osijek;;;;0
32039;Adam Niemiec;1912-11-17;;;;;0
32040;Lar O'Byrne;1924-08-10;Dublin;;;;0
32041;Walter Probst;1918-04-17;;;;;0
32043;Vasil Spasov;1919-12-30;;;;;0
32046;Gerhard Hofmann;1927-03-16;;;;;0
32047;Ilie Oana;1918-08-16;Indiana Harbour;;;;0
32051;Jaroslav Vejvoda;1920-07-01;Prague;;;;0
32059;Oivind Johannessen †;1924-09-21;;;;;0
32062;Apostol Chachevski;1934-04-07;;;;;0
32063;Geza Kalocsay;1913-05-30;Berehove;;;;0
32064;Stevan Ostojic;1941-08-20;Ostojićevo;;;;0
32074;Constantin Otet;1940-12-24;Poroinita;;;;0
32075;Evzen Hadamczik;1939-10-28;;;;;0
32076;John Kramer;1934-11-17;Ringsted;;;;0
32094;Valentin Ivanov;1934-11-19;Moskau;;;;0
32102;Gojko Zec;1935-09-15;Orahovica;;;;0
32103;Eddie Theobald;1940-09-28;;;;;0
32109;Stan Cullis;1916-10-25;Ellesmere Port;;;;0
32110;Max Viinioksa;1905-10-27;Helsinki;;;;0
32115;Martti Räsänen;1931-11-21;;;;;0
32120;Dobromir Tashkov;1925-04-10;Varna;;;;0
32132;Félix Week;1929-01-06;Anderlecht;;;;0
32134;John Sinding;1941-05-16;;;;;0
32179;Wilfried Kemmer;1943-11-20;;;;;0
32180;Henk van Meteren;1944-01-17;;;;;0
32197;Steinar Johannessen;1936-01-01;Lillehammer;;;;0
32198;Slavko Lustica;1923-01-11;Kumbor;;;;0
32200;Viktor Helgason;1942-07-21;;;;;0
32209;Carl Emil Christiansen;1937-12-31;Esbjerg;;;;0
32210;Jean Kremer;1904-11-09;;;;;0
32212;Ion Oblemenco;1945-05-13;Corabia;;;;0
32234;Lajos Tichy;1935-03-21;Budapest;;;;0
32241;Gyula Zsengellér;1915-12-27;Cegléd;;;;0
32248;José Arribas;1921-01-16;Bilbao;;;;0
32251;Adriano Buffoni;1940-11-27;Colle Umberto;;;;0
32253;Günter Lammich;1929-01-27;;;;;0
32254;Malky MacDonald;1913-10-26;Glasgow;;;;0
32263;Óli Jónsson;1918-11-15;Reykjavík;;;;0
32264;Stjepan Bobek;1923-12-03;Zagreb;;;;0
32270;Kaj Hansen;1917-04-22;;;;;0
32271;Thor Hernes;1926-08-15;;;;;0
32274;Sándor Tátrai;1914-07-08;Tuzla;;;;0
32282;Frantisek Bufka;1917-08-27;;;;;0
32284;Wladyslaw Giergiel †;1917-09-29;Krakau;;;;0
32285;Torsten Lindberg;1917-04-14;Nässjö;;;;0
32290;Valentin Nikolaev;1921-08-16;Erosovo, Vladimir Region;;;;0
32292;George Kirby;1933-12-20;Liverpool;;;;0
32299;Durán;1924-08-19;Arbúcias;;;;0
32302;Magnús Kristjánsson;1921-11-22;;;;;0
32313;Ingvar Gärd;1921-10-06;Malmö;;;;0
32322;Roland Wiik;1915-03-22;;;;;0
32392;Giuseppe Chiappella;1924-09-28;San Donato Milanese;;;;0
32413;Péter Pázmándy;1938-06-07;Budapest;;;;0
32414;Leszek Jezierski †;1929-05-12;Lublin;;;;0
32434;Renato Cesarini;1906-04-11;Senigallia;;;;0
32435;Hubert D'Hollander;1912-06-26;Anvers;;;;0
32436;Gyula Szűcs;1912-07-24;;;;;0
32438;Alex Fenton †;1929-11-17;;;;;0
32445;Jean Bettinger;1929-03-19;;;;;0
32446;Vasiliy Sokolov †;1912-02-12;Yartsevo;;;;0
32447;Giovanni Varglien;1911-05-16;Fiume;;;;0
32459;Paddy Coad;1920-04-04;Waterford;;;;0
32462;Yuri Sedov;1929-03-04;Moskau;;;;0
32464;Boris Arkadyev †;1899-09-21;Saint Petersburg;;;;0
32470;Yosef Merimovich;1924-07-24;Margo;;;;0
32474;Jimmy McAlinden;1917-12-27;Belfast;;;;0
32507;Marcel Domingo;1924-01-15;Salin-de-Giraud;;;;0
32509;Karol Borhy;1912-06-23;;;;;0
32518;Bohumil Musil;1922-05-10;;;;;0
32520;Henri Dekens;1914-06-27;Anderlecht;;;;0
32523;Viktor Maslov †;1910-04-27;Moskau;;;;0
32542;Fernando Vaz;1918-08-03;Benguela;;;;0
32549;Romain Schoder;1940-03-31;;;;;0
32573;José Augusto;1937-04-13;Barreiro;;;;0
32576;Maurice Lindley;1915-12-05;;;;;0
32580;Urbain Braems;1933-11-10;Zottegem;;;;0
32581;Olav Nilsen;1942-01-24;Stavanger;;;;0
32582;Villy Schöne;1933-03-13;Ordrup;;;;0
32588;Manfred Fuchs;1924-04-05;Zwickau;;;;0
32589;Günter Mahlmann;1908-10-08;;;;;0
32591;Harry Potts;1920-10-22;Hetton-le-Hole;;;;0
32592;Jiri Zastera;1913-11-09;Skutec;;;;0
32595;Nicolae Dumitrescu;1921-12-08;;;;;0
32599;Manlio Scopigno;1925-11-20;Paularo;;;;0
32653;Carlos Griguol;1936-09-04;Las Palmas, Córdoba;;;;0
32660;Ernst Netuka;1927-01-01;;;;;0
32674;Sverre Andersen;1936-10-09;Stavanger;;;;0
32675;Aleksander Brozyniak;1944-01-02;;;;;0
32684;Ivo Viktor;1942-05-21;Křelov;;;;0
32706;Karl Flink;1895-12-07;Weilerswist;;;;0
32708;Péter Szabó;1899-04-13;;;;;0
32709;Karl Winkler;1899-10-23;Worms;;;;0
32715;Milan Ribar;1930-11-21;Sarajevo;;;;0
32717;Jan Kowalski;1937-02-15;Zabrze;;;;0
32731;Heriberto Herrera;1926-04-24;Guarambaré;;;;0
32739;Panikos Krystallis;1942-07-01;Limassol;;;;0
32742;Milan Nikolic;1929-06-06;;;Licence trainer;;0
32744;Gösta Sandberg;1932-08-06;Knivsta;;;;0
32745;Ray Wood;1931-06-11;Hebburn;;;;0
32746;Brede Borgen;1915-03-10;Oslo;;;;0
32747;Ragnar Larsen;1925-01-07;Oslo;;;;0
32749;Frans de Munck;1922-08-20;Goes;;;;0
32762;Horst Scherbaum;1925-08-02;Plauen;;;;0
32771;Lajos Csordás;1932-10-26;Budafok;;;;0
32772;Rainer Gawell;1924-05-22;;;;;0
32773;Otto Glória;1917-01-09;Rio de Janeiro;;;;0
32774;Gudbjörn Jónsson;1921-03-19;;;;;0
32776;Viktor Maryenko;1929-08-22;Yasynuvata, Donetsk Region;;;;0
32777;Aimo Pulkkinen;1928-06-14;Parikkala;;;;0
32781;Holger Hansson;1927-01-26;Göteborg;;;;0
32783;Augustyn Dziwisz †;1918-08-28;Królewska Huta,Chorzów;;;;0
32784;Jack Johnsen;1924-07-03;;;;;0
32791;Vaclav Jira;1921-08-02;Prag;;;;0
32806;Józef Kałuża;1896-02-11;Przemyśl, Galicja, Austro-Węgry;;;;0
32809;Anton Ploderer;1924-09-16;;;;;0
32813;Jussi Ristimäki;1944-01-30;Seinäjoki;;;;0
32831;Jan Hucko;1932-05-11;Dolný Kubín;;UEFA Pro Licence;;0
32842;Lolly Borg;1931-10-23;;;;;0
32844;Norberto Höfling;1924-06-20;Czernowitz;;;;0
32847;Lev Mantula;1928-12-08;Sarajevo;;;;0
32848;Knut Naess;1927-03-11;Trondheim;;;;0
32863;Vladimir Salkov;1937-04-01;Donetsk;;;;0
32874;Bülent Eken;1923-10-26;Mersin;;;;0
32885;Pierre Sinibaldi;1924-02-29;Montemaggiore;;;;0
32886;Hubert Skolik;1913-08-31;Kozłowej Górze;;;;0
32890;Joey Donnelly;1910-10-01;;;;;0
32892;Louis Maurer;1904-02-21;Vevey;;;;0
32893;John Sveinsson †;1922-01-29;;;;;0
32922;Pál Jávor †;1907-02-05;Újpest;;;;0
32924;Wladyslaw Krol †;1907-10-30;Kijany, Gouvernement Lublin;;;;0
32925;Jean Luciano;1921-01-02;Nizza;;;;0
32927;Jackie Milburn;1924-05-11;Ashington;;;;0
32931;Bruno Vale;1911-07-10;Fiume;;;;0
32938;Henri Skiba;1927-07-14;Beuthen;;;;0
32947;Peter Shreeves;1940-11-30;Neath;;;;0
32949;Marc Boreux;1932-10-25;;;;;0
32954;Arne Sörensen;1917-11-27;Kopenhagen;;;;0
33007;Josef Bican;1913-09-25;Wien;;;;0
33009;Ewald Cebula;1917-03-22;Swietochlowice;;;;0
33010;Roger Courtois;1912-05-30;Genève;;;;0
33019;Félix Déculot;1911-10-29;Lüttich;;;;0
33025;Hugo Ruševljanin;1927-09-04;;;;;0
33102;Eli Fuchs †;1924-01-15;;;;;0
33106;Knut Osnes;1922-06-27;Eid;;;;0
33107;Walter Presch;1910-08-05;Wien;;;;0
33128;Albert Adams;1941-03-14;;;;;0
33130;Alfred Kunze;1909-09-08;Leipzig;;;;0
33134;Mario Astorri;1920-08-07;Cadeo;;;;0
33163;Fulvio Bernardini;1905-12-28;Roma;;;;0
33187;Carlo Pintér;1910-10-13;Bratislava;;;;0
33222;Domingo Balmanya;1914-12-29;Girona;;;;0
33227;César †;1920-06-29;León;;;;0
33237;Antonio Barrios;1910-05-21;Getxo;;;;0
33242;Jenő Kalmár †;1908-03-21;Mocsolad;;;;0
33246;Jacinto Quincoces;1905-07-17;Barakaldo;;;;0
33270;Albeniz;1905-01-06;Éibar;;;;0
33272;Ernesto Pons;1920-01-19;Mataró;;;;0
33276;Saso †;1926-01-29;Madrid;;;;0
33278;Edmundo Suarez;1916-01-22;Barakaldo;;;;0
33282;Sabino Barinaga;1922-08-15;Durango;;;;0
33284;Vicente Dauder;1924-11-25;Valencia;;;;0
33285;Ignacio Eizaguirre;1920-11-07;San Sebastián;;;;0
33287;Piru Gaínza;1922-05-28;Basauri;;;;0
33290;Otto Bumbel;1914-07-06;Taquara;;;;0
33291;Juan Otxoantezana †;1912-10-25;Plentzia;;;;0
33292;Pasieguito;1925-05-21;Hernani;;;;0
33301;Ipiña †;1912-08-23;Ortuella;;;;0
33305;Lluís Miró †;1913-03-03;Barcelona;;;;0
33328;Eduardo Toba;1923-05-14;Mugía, La Coruña;;;;0
33329;Martim Francisco †;1928-02-22;Belo Horizonte;;;;0
33330;Dagoberto Moll;1927-07-22;Montevideo;;;;0
33332;Héctor Rial;1928-10-14;Pergamino;;;;0
33371;Turró;1921-02-11;Roses;;;;0
33406;Ricardo Zamora;1901-02-14;Barcelona;;;;0
33421;Pedro Eguiluz †;1921-06-14;Madrid;;;;0
33482;Tadeusz Foryś;1910-10-31;Kraków;;;;0
33493;Daniele Angeloni †;1875-08-26;Bergamo;;;;0
33494;Luigi Bertolini;1904-11-13;Busalla;;;;0
33495;Luigi Ferrero †;1904-02-26;Torino;;;;0
33498;Antonio Janni;1904-09-19;Santena;;;;0
33499;Herbert Kilpin †;1870-01-24;Nottingham;;;;0
33501;Leslie Lievesley;1911-06-23;Staveley;;;;0
33502;Tommaso Maestrelli;1922-10-07;Pisa;;;;0
33503;Mario Sperone;1905-07-01;Priocca;;;;0
33504;Oberdan Ussello;1917-02-21;Torino;;;;0
33516;Manolo Cardo;1940-04-16;Coria del Río;;;;0
33523;Dr. György Sárosi;1912-09-16;Budapest;;;;0
33564;Pepe Alzate;1942-05-05;Cádiz;;;;0
33565;Guido Ara;1888-06-28;Vercelli;;;;0
33567;Carlo Bigatto;1895-08-29;Balzola;;;;0
33568;Carlo Carcano;1891-02-26;Varese;;;;0
33572;García Traid;1936-04-06;Zaragoza;;;;0
33576;Manuel Mestre †;1935-01-07;Oliva;;;;0
33582;Giuseppe Viola †;1896-06-10;Komárom;;;;0
33729;Luigi Bonizzoni;1919-11-23;Milano;;;;0
33745;Sergey Shaposhnikov;1923-03-08;St. Petersburg;;;;0
33796;Oscar Fulloné;1939-04-04;La Plata;;;;0
33874;Enzo Riccomini;1934-08-22;Piombino;;;;0
33885;Franco Fontana;1945-03-24;Bertonico;;;;0
33982;Héctor Scarone;1898-11-26;Montevideo;;;;0
33986;Luis Casas Pasarín †;1902-04-16;Pontevedra;;;;0
33990;Benito Díaz Iraola †;1898-07-17;San Sebastián;;;;0
33993;Guillermo Campanal;1912-02-09;Avilés;;;;0
33994;José Iraragorri;1912-03-16;Basauri;;;;0
33996;Mike Keeping;1902-08-22;Milford on Sea;;;;0
34018;Juan José Nogués;1909-03-28;Borja;;;;0
34168;Antonio Benítez;1942-04-05;Alicante;;;;0
34176;José Villar Fernández;1928-08-20;Vigo;;;;0
34196;György Orth;1901-04-30;Budapest;;;;0
34395;Herbert Chapman;1878-01-19;Kiveton Park;;;;0
34402;Tom Whittaker;1898-07-21;Aldershot, Hampshire;;;;0
34463;Jacques Koole †;1938-04-21;;;;;0
34507;Viktor Löwenfeld;1889-05-10;Prag;;;;0
34519;Thomas Mitchell †;1843-01-12;Dumfries;;;;0
34558;Augusto Rangone;1885-12-11;Alessandria;;;;0
34570;Jacques de Wit;1932-09-02;Valkenswaard;;Licence trainer;;0
34587;Ludwig Veg;1922-12-27;;;;;0
34633;Tsvetan Ilchev;1936-09-06;;;;;0
34849;Toni Cargnelli †;1889-02-01;Wien;;;;0
34850;Armando Castellazzi;1904-10-07;Milano;;;;0
34851;Hermann Felsner †;1899-04-01;Wien;;;;0
34852;Jenő Károly;1886-01-15;Kaposvár;;;;0
34853;Árpád Weisz †;1896-04-16;Solt;;;;0
34855;William Garbutt;1883-01-09;Hazel Grove;;;;0
34856;Nino Resegotti †;1876-01-02;Tromello;;;;0
34883;Hennie Hollink;1931-10-01;Glanerbrug;;;;0
34977;Domenico Donna †;1883-01-01;Torino;;;;0
34978;Virgilio Fossati;1889-09-12;Monfalcone;;;;0
35299;Rob Groener;1945-12-19;Glanerbrug;;Licence trainer;;0
35539;Johnny Giles;1940-11-06;Dublin;;;;0
35580;Francisco Bru †;1885-04-12;Madrid;;;;0
36207;Hans Wendlandt;1918-01-18;;;;;0
36208;Ludwig Janda;1919-01-13;Fürth;;;;0
36211;Georg Wurzer;1907-01-31;Fürth;;;;0
36866;Aleksander Papiewski;1939-05-12;;;;;0
36902;Silvester Takac;1940-11-08;Đurđevo;;;;0
37256;Nikolay Gulyaev;1915-02-18;Kakovino, Moskau Region;;;;0
37320;Giovanni Di Marzio;1940-01-08;Napoli;;;;0
37360;Bogdan Cuvaj;1905-10-21;Zagreb;;;;0
37378;Fernando Veneranda;1941-05-23;Porto San Giorgio;;;;0
37433;Louis Hon;1924-09-11;Couches-les-Mines;;;;0
37446;Juan Carlos Morrone;1941-02-05;Buenos Aires;;;;0
37629;Bruno Pace;1943-06-16;Pescara;;;;0
37656;Vicenç Sasot †;1918-01-21;Peñalba;;;;0
37658;Ferenc Plattkó;1898-12-02;Budapest;;;;0
37662;José Pastoriza;1942-05-23;Rosario;;;;0
37676;Álvaro Pérez;1916-03-30;Mondoñedo;;;;0
37710;Amancio;1939-10-16;La Coruña;;;;0
37711;Lucien Muller;1934-09-03;Bischwiller;;;;0
37713;Romà Forns †;1885-11-30;Catalonia;;;;0
37714;José Quirante †;1883-05-10;Cox;;;;0
37715;James Bellamy †;1881-09-11;Bethnal Green;;;;0
37716;Laureano Ruiz;1937-10-21;Escobedo de Villafufre;;;;0
37717;José Seguer;1923-05-06;Parets del Vallès;;;;0
37738;Lippo Hertzka;1904-11-19;Budapest;;;;0
37754;Jack Greenwell †;1884-01-02;Crook;;;;0
37758;Robert Firth †;1887-02-20;Sheldon, Birmingham;;;;0
37759;Josep Samitier;1902-02-02;Barcelona;;;;0
37775;Patrick O'Connell;1887-03-08;Westmeath;;;;0
37778;Ramón Encinas;1893-05-19;Pontevedra;;;;0
37780;José Planas †;1901-04-14;Barcelona;;;;0
37784;Ramón Guzmán;1901-09-22;Peñíscola;;;;0
37801;Ángel Zubieta;1918-07-17;Galdakao;;;;0
37802;Lelé;1911-04-19;Villa de Marín;;;;0
37814;Hans Studener;1919-03-02;Langenbruch;;;;0
37856;Fred Pentland;1883-07-29;Wolverhampton;;;;0
37860;Pepe Brand;1900-02-12;Sevilla;;;;0
37862;Victoriano De Santos;1906-05-05;La Torre de Esteban Hambrán;;;;0
37863;Eduardo Cubells †;1900-01-17;Valencia;;;;0
37896;Rafael Yunta Navarro †;1920-04-04;Ocaña;;;;0
37901;Luis Urquiri;1906-09-01;Deva;;;;0
37926;Jan Rab;1943-12-25;;;;;0
37928;Pepe;1935-02-25;Santos;;;;0
37942;Juan José Urquizu;1901-06-24;Ondárroa;;;;0
38025;José Valera †;1916-05-26;Sevilla;;;;0
38036;Máximo Royo;1894-07-05;Valle de Trápaga-Trapagaran;;;;0
38054;Theo Laseroms;1940-03-08;Roosendaal;;;;0
38059;Ferdi Silz;1915-11-30;;;;;0
38060;Patricio Caicedo †;1899-02-06;Bilbao;;;;0
38174;Boris Apukhtin;1906-03-04;Kraskovo, Moskau Region;;;;0
38200;José Urbieta †;1915-12-24;Deba;;;;0
38286;István Priboj;1894-05-02;;;;;0
38346;Harry Lowe;1886-08-10;Northwich;;;;0
38347;Antonin Fivebr †;1888-11-22;Prag;;;;0
38357;Adolf Remy;1935-11-30;Münster;;;;0
38371;Paul Bornefeld;1907-08-07;;;;;0
38507;Pietro Santin;1934-09-06;Rovigno;;;;0
38530;Paco Real †;1939-03-01;Valenciа;;;;0
38538;Iselin Ovejero;1945-10-16;Las Catitas;;;;0
38557;Mike Ferguson;1943-03-09;Burnley;;;;0
38664;Valerian Svec;1935-07-20;Kmeťovo;;;;0
38750;Gunnar Nordahl;1921-10-19;Hörnefors;;;;0
38767;Boguslaw Hajdas;1939-07-21;Kraków;;;;0
38798;Giovan Battista Fabbri;1926-03-08;San Pietro in Casale;;;;0
38805;Paolo Carosi;1938-04-08;Tivoli;;;;0
38877;Wilhelm Huberts;1938-02-22;Voitsberg;;;;0
38934;José Ángel Iribar;1943-03-01;Zarautz;;;;0
39102;Bill Thompson;1921-08-10;Glasgow;;;;0
39149;José Martínez;1939-10-08;Valencia;;;;0
39169;Pedro Buenaventura;1930-12-09;Sevilla;;;;0
39245;Jesús Martinez Jayo;1942-12-04;Madrid;;;;0
39349;Carriega;1929-12-09;Allariz;;;;0
39437;Roberto Gil;1938-07-30;Paterna;;;;0
39514;Phil Taylor;1917-09-18;Bristol;;;;0
39515;Don Welsh †;1911-02-25;Manchester;;;;0
39517;George Kay †;1891-09-21;Manchester;;;;0
39518;George Patterson †;1887-01-01;;;;;0
39519;Matt McQueen;1863-05-18;Harthill;;;;0
39520;David Ashworth;1868-06-02;Poulton-le-Flyde;;;;0
39521;Tom Watson;1859-04-09;Newcastle-upon-Tyne;;;;0
39522;John McKenna †;1855-01-03;County Monaghan;;;;0
39557;Evert Mur;1928-10-03;;;;;0
39576;Giampiero Vitali;1940-08-01;Milano;;;;0
39600;Stanislav Jarábek;1938-12-09;Suchá nad Parnou;;;;0
39602;Josy Kirchens;1943-02-22;Echternach;;;;0
39616;Bas Paauwe;1911-10-04;Rotterdam;;;;0
40019;Joanet;1935-09-15;;;;;0
40107;Héctor Núñez;1936-05-08;Montevideo;;;;0
40132;Rafael Iriondo;1918-10-24;Guernica;;;;0
40204;Dragoljub Milosevic;1929-11-08;Valjevo;;;;0
40205;Osman Bendezu;1943-06-17;Lima;;;;0
40440;Arthur Cox;1939-12-14;Southam;;;;0
40473;Antal Szentmihályi;1937-06-03;Győr;;;;0
40481;Adriaan Koonings;1895-12-23;Rotterdam;;;;0
41031;Harry Garstecki;1934-05-11;Hamm;;;;0
41110;Gordon Lee;1934-07-13;Cannock;;;;0
41258;Rik Matthys;1925-09-09;Antwerpen;;;;0
41272;Karl-Heinz Wettig;1927-04-03;;;;;0
41274;Walter Sonnenberger;1925-06-02;Beuthen;;;;0
41275;Kurt Zaro;1929-01-09;Essen;;;;0
41276;Erich Gehbauer;1926-10-15;;;;;0
41487;Josef Kolecko;1945-07-16;Slavkov;;;;0
41488;Dušan Nenković;1929-10-03;Kragujevac;;;;0
41771;Josef Kretschmann;1902-03-21;;;;;0
41772;Erich Bäumler;1930-01-06;Weiden in der Oberpfalz;;;;0
41783;Georg Bayerer;1915-04-09;;;;;0
42366;Friedhelm Schulte;1939-09-11;;;;;0
42367;Gero Bisanz;1935-11-03;Konojady;;;;0
42616;Renato Lucchi †;1921-02-28;Cesena;;;;0
43198;Marino Perani;1939-10-27;Ponte Nossa;;;;0
43230;Mario Tiddia;1936-05-05;Sarroch;;;;0
43232;Ercole Rabitti;1921-08-24;Тorino;;;;0
43320;Alfredo Magni;1940-02-07;Missaglia;;;;0
43398;Henri Depireux;1944-02-01;;;;;0
43472;Jan Fuglset;1945-10-01;Molde;;;;0
43620;Wim de Bois;1896-06-19;Steenwijk;;;;0
43634;Jiri Dunaj;1938-12-26;;;;;0
43907;Miklós Temesvári;1938-07-27;Miskolc;;;;0
43910;Sulejman Rebac;1929-03-29;;;;;0
43987;Dojcin Perazic;1945-12-17;Cetinje;;;;0
44016;Karl Kowanz;1926-04-15;;;;;0
44176;Petr Shubin;1944-02-21;Chelyabinsk;;;;0
44447;Paolo Tabanelli;1915-01-16;;;;;0
44448;Eraldo Monzeglio †;1906-06-05;Vignale Monferrato;;;;0
44474;Jean-Marc Guillou;1945-12-20;Bouaye;;;;0
44598;Rudolf Stanzel;1899-11-08;Wien;;;;0
44737;Hans Geiger;1905-12-24;Nürnberg;;;;0
44754;Dr. Berno Wischmann;1910-12-26;Tondern;;;;0
45196;Georgi Gyurov;1942-08-01;Sofia;;;;0
45373;Aldo Campatelli;1919-04-07;Milano;;;;0
45374;Giuseppe Meazza;1910-08-23;;;;;0
45375;Fioravante Baldi;1913-01-14;Basel;;;;0
45883;Jack Mansell †;1927-08-22;;;;;0
45901;Fethi Demircan;1938-06-20;Elazig;;;;0
45997;Kiril Dojcinovski;1943-10-14;Skopje;;;;0
46089;Mario Lino;1937-01-09;Horta;;;;0
46133;Yilmaz Gökdel;1940-02-20;Istanbul;;;;0
46238;Lajos Czeizler;1893-10-05;Heves;;;;0
46306;Virginio Rosetta;1902-02-24;Vercelli;;;;0
46307;Giuseppe Galluzzi †;1903-11-10;Firenze;;;;0
46308;Giovanni Rebuffo †;1899-11-08;Novi Ligure;;;;0
46309;Luis Monti;1901-01-15;Buenos Aires;;;;0
46310;Arturo Silvestri;1921-06-14;Fossalta di Piave;;;;0
46311;Mario Mazzoni;1931-03-29;Firenze;;;;0
46312;Alberto Delfrati;1924-06-06;Codogno;;;;0
46339;Roberto Lovati;1927-07-20;Cusano Milanino;;;;0
46347;Corrado Viciani;1929-12-03;Bengasi;;;;0
46351;Gipo Poggi;1913-02-23;Genova;;;;0
46352;Renato Gei;1921-02-01;Brescia;;;;0
46353;Umberto Mannocci †;1922-04-24;Livorno;;;;0
46354;Carlo Alberto Quario;1913-03-14;Vercelli;;;;0
46355;Armando Segato;1930-05-03;Vicenza;;;;0
46357;Piero Andreoli;1911-11-02;Verona;;;;0
46358;Giacinto Ellena †;1914-11-03;Torino;;;;0
46359;Aldo Olivieri;1910-10-02;San Michele Extra;;;;0
46360;Angelo Piccioli;1920-04-18;Bergamo;;;;0
46361;Giuseppe Bigogno;1909-07-22;Albizzate;;;;0
46362;Mario Varglien;1905-12-26;Fiume;;;;0
46375;Angelo Mattea;1892-10-21;Santhià;;;;0
46376;Gyula Feldmann †;1880-11-16;Seghedino;;;;0
46377;Gyula Lelovics †;1897-08-29;Vashosszúfalu;;;;0
46378;Ernő Erbstein;1898-05-13;Nagyvárad;;;;0
46379;Imre Janos Bekey;1889-01-27;Budapest;;;;0
46380;Mario Magnozzi;1902-03-20;Livorno;;;;0
46382;Rudolf Soutschek;1895-01-14;Vienna;;;;0
46383;János Nehadoma;1901-08-20;Budapest;;;;0
46384;Adolfo Baloncieri;1897-07-27;Castelceriolo;;;;0
46385;Ivo Fiorentini;1898-05-11;Faenza;;;;0
46634;Rainer Forss;1930-10-20;;;;;0
46795;Ferenc Kónya;1892-12-09;Budapest;;;;0
46810;Frank Arok;1932-01-20;;;;;0
47094;Annibale Frossi;1911-08-06;Muzzana del Turgnano;;;;0
47195;Zoltán Blum;1892-01-03;Pápa;;;;0
47249;István Tóth-Potya;1891-07-28;Budapest;;;;0
47400;Michalis Bellis;1940-02-01;Thessaloniki;;;;0
47516;Bill Julian;1867-07-10;Boston;;;;0
47732;José Ufarte;1941-05-17;Pontevedra;;;;0
47777;Dino D'Alessi;1942-05-02;Paese;;;;0
47830;Wilfried „Fi“ Van Hoof;1941-07-03;;;;;0
47931;Ron Groenewoud;1937-01-24;;;;;0
47968;Jerry Kerr †;1912-06-01;Armadale;;;;0
48095;Battista Rota;1932-07-18;Bergamo;;;;0
48097;Luigi Mascalaito;1940-12-08;Verona;;;;0
48136;Gianni Corelli;1936-12-30;Ferrara;;;;0
48688;Cesarino Cervellati;1930-02-15;Baricella;;;;0
48896;Christos Terzanidis;1945-02-13;Kavala;;;;0
49129;Andy McCall  †;1908-01-23;Ayr;;;;0
49168;Joseíto;1926-12-23;Zamora;;;;0
49449;Juan Arza;1923-06-12;Estella;;;;0
49475;Jesús Barrio Álvarez;1916-10-21;Gijón;;;;0
49535;Mariano Moreno Serrano;1940-01-06;Madrid;;;;0
49597;Savvas Partakis;1938-01-01;;;;;0
49602;Giulio Corsini;1933-09-28;Bergamo;;;;0
49621;Ratomir Cabric;1918-09-19;Varvarin;;;;0
49735;Domenico Rosati;1929-03-31;San Benedetto del Tronto;;;;0
49763;Aly Feyder;1945-07-18;;;;;0
49794;Nikolaos Gioutsos;1942-04-16;Kastoria;;;;0
50375;László Zalai;1929-03-29;Békéscsaba;;;;0
50403;Paolo Todeschini †;1920-09-22;Milano;;;;0
50404;Giovanni Cattozzo;1925-07-13;Rovigo;;;;0
50445;Lauro Toneatto;1933-01-21;Talmassons;;;;0
50447;Guido Vincenzi;1932-07-14;Quistello;;;;0
50534;Fred Harthaus;1908-09-18;Gera;;;;0
50573;Theo Kirchberg;1920-11-23;;;;;0
50583;Björn Drillestad;1945-12-31;;;;;0
50690;Robert Goethals;1922-07-16;Brasschaat;;UEFA Pro Licence;;0
50705;Hennes Hoffmann †;1916-09-11;Duisburg;;;;0
50706;Hellmut Meidt;1910-07-24;Jena;;;;0
50764;Patrick Reilly †;1873-11-07;Dundee;;;;0
50767;Henri Cirelli;1934-12-23;Düdelingen;;;;0
50768;Miljenko Mihic;1934-01-01;Mostar;;;;0
50828;Ugo Pozzan;1929-12-29;San Martino Buon Albergo;;;;0
50877;Werner Stahl;1922-12-01;;;;;0
50930;Staf van den Bergh;1923-02-10;Kontich;;;;0
50934;Jaroslav Jares;1930-03-21;Praha;;;;0
51003;Armando Picchi;1935-06-20;Livorno;;;;0
51051;Oronzo Pugliese;1910-04-05;Turi;;;;0
51056;John Neal;1932-04-03;Seaham;;;;0
51062;Fritz Silken;1918-10-12;;;;;0
51082;Georges Peyroche;1937-01-27;Roche-La-Molière;;;;0
51084;Pierre Phelipon;1935-02-05;Paris;;;;0
51085;Robert Vicot;1931-10-29;Ivry-sur-Seine;;;;0
51086;Just Fontaine;1933-08-18;Marrakesch;;;;0
51087;Pierre Alonzo;1940-03-23;Meknès;;;;0
51090;Jules Zvunka;1941-08-17;Le Ban-Saint-Martin;;;;0
51095;John Bond;1932-12-17;Dedham;;;;0
51112;Trevor Morris;1920-09-06;Gorslas;;;;0
51139;Heinz Hempel;1918-09-04;Dresden;;;;0
51141;Bobby Ferguson;1938-01-08;Dudley;;;;0
51148;Rik Coppens;1930-04-29;Antwerpen;;;;0
51194;Hans-Georg Vogel;1910-12-19;Kreuz;;;;0
51222;Yuri Morozov;1934-05-13;Sinyavino, St. Petersburg Region;;;;0
51239;Joe Harvey;1918-06-11;Edlington;;;;0
51251;Ken Shellito;1940-04-18;London;;;;0
51268;John Sillett;1936-07-20;Southampton;;;;0
51271;Marc Bourrier;1934-09-21;Ganges;;;;0
51278;Stefano Angeleri;1926-08-26;Castellazzo Bormida;;;;0
51279;Bruno Arcari;1915-09-15;Casalpusterlengo;;;;0
51325;Egidio Di Costanzo;1922-07-11;Napoli;;;;0
51344;Johannes Sobek;1900-03-18;Mirow;;;;0
51387;Alan Mullery;1941-11-23;London;;;;0
51453;Fritz Mauruschat;1901-12-19;;;;;0
51553;Jimmy Melia;1937-11-01;Liverpool;;;;0
51556;Mike Bailey;1942-02-27;Wisbech;;;;0
51618;Heinz Joerk;1919-10-17;Zeitz;;;;0
51666;Jimmy Sirrel †;1922-02-02;Glasgow;;;;0
51669;Günter Grothkopp;1926-01-10;;;;;0
51726;Maino Neri;1924-06-30;;;;;0
51760;Eddie Firmani;1933-08-07;Kapstadt;;;;0
51806;Giuseppe Baldini;1922-03-11;Russi;;;;0
51808;Giulio Cappelli;1911-03-04;;;;;0
51896;Edward Aquilina;1945-09-02;;;;;0
51962;Dieter Schulz;1939-03-22;;;;;0
51963;Günter Guttmann;1940-04-12;;;;;0
52001;Paulo Amaral;1923-10-18;Rio de Janeiro;;;;0
52002;Livio Fongaro;1931-01-02;Valdagno;;;;0
52003;Roberto Lerici;1924-04-30;Rivarolo;;;;0
52006;Petr Packert;1943-02-22;Prag;;;;0
52041;Billy Elliott;1925-03-20;Bradford;;;;0
52222;Viktor Antikhovich;1945-04-05;Engels, Saratov Region;;;;0
52226;Enver Yulgushov;1938-06-25;Rostov-na-Donu;;;;0
52348;Mario Genta;1912-03-01;;;;;0
52490;René Noerdinger;1935-07-04;;;;;0
52572;Péter Török;1940-10-08;;;;;0
52598;Ilijas Pašić;1934-05-10;;;;;0
52599;Axel Lárusson †;1934-07-15;Frederiksund;;;;0
52692;Pietro Serantoni;1906-12-12;Venezia;;;;0
52710;Ole Fritsen;1941-07-18;Give;;;;0
52817;Peter Eustace;1944-07-31;Stocksbridge;;;;0
52841;Ken Brown;1934-02-16;Forest Gate, London;;;;0
52881;Dieter Sommer;1937-05-12;Goschütz;;;;0
52891;Federico Allasio;1914-05-30;;;;;0
52892;Amedeo Amadei;1921-07-26;;;;;0
52919;Jimmy Adamson;1929-04-04;Ashington;;;;0
53026;Janusz Kowalik;1944-03-26;Nowy Sacz;;;;0
53072;Ronnie Allen;1929-01-15;Stoke-on-Trent;;;;0
53112;Karl Hohmann;1908-06-18;Düsseldorf;;;;0
53113;Fritz Gschweidl;1901-12-13;Wien;;;;0
53114;Max Schäfer;1907-01-17;Landshut;;;;0
53116;Alwin Riemke;1910-02-02;;;;;0
53117;Leopold Nitsch;1897-08-14;;;;;0
53118;Hans Schmidt;1893-12-23;Fürth;;;;0
53124;Karl Höger;1897-05-27;;;;;0
53129;Kees van Dijke;1902-12-18;Rotterdam;;;;0
53269;Teobaldo Depetrini;1913-03-12;Vercelli;;;;0
53270;Luigi Miconi;1904-06-04;Tarcento;;;;0
53288;Alan Durban;1941-07-07;Bridgend;;;;0
53363;Ilija Dimovski;1939-06-27;Prilep;;;;0
53425;Werner Wolf;1925-02-22;Dresden;;;;0
53539;Lubomir Bencic;1905-01-02;Stari Grad;;;;0
53540;Renzo Magli;1908-09-12;Bologna;;;;0
53542;Alfredo Monza;1911-08-12;Busto Arsizio;;;;0
53543;Carlo Rigotti;1906-02-10;Trieste;;;;0
53544;Guido Tavellin;1920-05-23;Legnago;;;;0
53625;Vladimir Yulygin;1936-01-18;Novomoskovsk, Moskau Region;;;;0
53669;Takis Papoulidis;1934-12-05;Athen;;;;0
53677;Pavlos Grigoriadis;1938-05-27;Sitagri;;;;0
53956;Dobromir Zhechev;1942-11-12;Sofia;;;;0
54056;Guido Masetti;1907-11-22;Verona;;;;0
54058;Pietro Rava;1916-01-21;Cassine;;;;0
54221;Jupp Schmidt;1922-08-11;Köln;;;;0
54227;Guido Testolina;1911-06-01;Venezia;;;;0
54245;Alfredo Mazzoni;1908-02-23;Carpi;;;;0
54265;Elmar Rösch;1925-03-15;Duisburg;;;;0
54277;Jules Vandooren;1908-12-30;Armentières;;;;0
54305;Jean Avellaneda;1915-10-11;Sidi Bel Abbès;;;;0
54552;Jean-Pierre Destrumelle;1941-01-02;Cambrai;;;;0
54558;Lucien Jasseron;1913-12-29;Oran;;;;0
54562;Paulo Emilio;1936-01-03;Espera Feliz;;;;0
54774;Ted Crawford;1906-10-31;Filey;;;;0
54780;Raffaele Sansone;1910-09-20;Montevideo;;;;0
54787;Alois Hess;1903-01-03;;;;;0
54848;Moshe Beit haLevi;1912-11-14;Lodz;;;;0
54880;Béla Sárosi;1919-08-15;Budapest;;;;0
54905;Gyula Mándi;1899-01-21;;;;;0
55092;Imre Senkey;1898-06-21;Budapest;;;;0
55132;Anatoli Polosin;1935-08-30;Tashkent;;;;0
55794;Bert Dainty;1879-02-06;Geddington;;;;0
55921;Adolf Knoll;1924-11-30;;;;;0
55942;Luigi Rossetto;1912-12-09;;;;;0
55945;Bruno Biagini;1910-08-17;Verona;;;;0
55994;Theo Breuer;1909-03-15;Düsseldorf;;;;0
56475;Petar Nadoveza;1942-04-09;Sibenik;;;;0
56491;Herbert Melzer;1913-03-05;;;;;0
56559;Omero Tognon;1924-03-03;Padova;;;;0
56580;Heinz Hartmann;1908-03-25;;;;;0
56583;Hans Höfer;1911-03-20;;;;;0
56587;Fritz Krauß;1906-07-07;;;;;0
56589;Hans Manthey;1914-03-08;;;;;0
56593;Erich Dietel;1912-12-21;;;;;0
56624;Hans Carl;1899-12-31;;;;;0
56715;Björn Hansen;1939-01-15;Trondheim;;;;0
56853;Guido Baccani;1882-04-06;Roma;;;;0
56872;Pietro Piselli;1891-11-14;Livorno;;;;0
56876;William Rady;1893-04-04;Budapest;;;;0
56910;Herbert Burgess †;1883-02-25;Openshaw;;;;0
56911;József Ging †;1891-11-27;Budapest;;;;0
56936;Ferenc Molnár;1891-04-08;Erd;;;;0
56937;Vittorio Morelli di Popoli †;1888-05-11;Torino;;;;0
56957;Luigi Barbesino;1894-05-01;Casale Monferrato;;;;0
56961;Karl Sturmer;1892-10-08;Wien;;;;0
56969;Jozsef Banas;1894-02-05;Cifer;;;;0
57031;Giovanni Meregalli;1939-12-10;Vedano al Lambro;;;;0
57155;Vladimir Blinkov;1901-06-10;Moskau;;;;0
57181;Myslym Alla;1919-04-15;;;;;0
57421;Pancho Gonzalès;1926-12-07;Buenos Aires;;;;0
57439;Giuseppe Aliberti;1901-03-05;Torino;;;;0
57465;Nobby Stiles;1942-05-15;Manchester;;;;0
57466;Amilcar Barbuy;1893-09-24;Rio Das Pedras;;;;0
57501;Numa Andoire;1908-03-19;Coursegoules;;;;0
57502;Alfredo Bruno Notti;1908-02-19;Alessandria;;;;0
57593;Rudolf Kapera;1938-09-01;Zábřeh;;;;0
57717;Janos Baar;1899-01-01;;;;;0
57729;Guido Mazzetti;1916-06-24;Loiano;;;;0
57743;Luigi Tentorio;1906-11-26;Telgate;;;;0
57773;Franz Hänsel;1897-02-23;Troppau;;;;0
57786;Károly Csapkay;1893-05-29;Budapest;;;;0
57803;Robert Domergue;1921-11-25;Cannes;;;;0
57805;Aimé Mignot;1932-12-09;Aix-en-Provence;;;;0
57806;Marcel Tomazover;1915-02-27;Paris;;;;0
57807;René Dedieu;1898-08-27;Sète;;;;0
57811;Lajos Kovács;1894-04-27;Budapest;;;;0
57859;Achille Gama;1892-01-08;Pará;;;;0
57932;Lajos Puskás;1944-08-13;Tetétlen;;;;0
58043;Zvezdan Cebinac;1939-12-08;Belgrad;;;;0
58045;Eddy Wauters;1933-07-12;Borgerhout;;;;0
58047;Bob Maertens;1930-01-24;Antwerpen;;;;0
58090;Auguste Pelsmaeker;1899-11-15;Antwerpen;;;;0
58099;Giorgio Sereni;1935-09-03;Luzzara;;;;0
58227;Walter Alt;1890-03-23;Saitz;;;;0
58332;Ian Greaves;1932-05-26;Crompton;;;;0
58345;Frank McLintock;1939-12-28;Glasgow;;;;0
58369;Ian MacFarlane;1933-01-26;Lanark;;;;0
58397;John Harris;1917-06-30;Glasgow;;;;0
58428;Eugen Payer;1891-07-06;Sopronkovesd;;;;0
58434;Bernardo Perin †;1897-12-05;Arcugnano;;;;0
58534;Antun Pogacnik;1913-01-06;Sarajevo;;;;0
58596;Willie Bell;1937-09-03;Johnstone;;;;0
58617;Joachim Marx;1944-08-31;Gleiwitz;;;;0
58686;Jimmy Bloomfield;1934-02-15;London;;;;0
58712;Umberto Calligaris;1901-07-26;Casale Monferrato;;;;0
58780;Graziano Landoni;1939-11-24;Legnano;;;;0
58804;Guy Briet;1936-01-20;Savigny-lès-Beaune;;;;0
58825;Gordon Jago;1932-10-22;Poplar;;;;0
58876;Ilija Pantelic;1942-08-02;Banja Luka;;;;0
58897;Albino Carraro;1899-04-04;Padova;;;;0
58935;Ladislav Dupal;1913-04-17;Dubany;;;;0
58964;Giorgio Canali;1939-06-28;;;;;0
59091;Otto Westphal;1911-08-30;;;;;0
59109;Ottavio Barbieri;1899-04-30;Genova;;;;0
59130;Ottavio Baccani †;1904-08-22;Firenze;;;;0
59225;Max Schirschin;1921-01-29;;;;;0
59230;René Vernier;1925-06-09;Douera;;;;0
59231;Jacques Favre;1921-05-06;Laon;;;;0
59234;Pierre Flamion;1924-12-13;Mohon;;;;0
59252;Ali Sami Yen;1886-03-20;Istanbul;;;;0
59356;Luigi Allemandi;1903-11-08;San Damiano Macra;;;;0
59390;Alfons Reimlein;1925-09-11;;;;;0
59408;Géza Kertész;1894-11-21;Budapest;;;;0
59523;Heinz Pönert;1920-08-20;;;;;0
59550;Antonio Vojak;1904-11-19;Pola;;;;0
59565;Giuseppe Peruchetti;1907-10-30;Gardone Val Trompia;;;;0
59601;Federico Munerati;1901-10-16;La Spezia;;;;0
59668;Alexander Popovic;1891-07-18;Wien;;;;0
59789;Jiri Lopata;1936-12-21;;;;;0
59805;Mario Montesanto;1909-08-11;Castel San Pietro;;;;0
59807;Edmund Conen;1914-11-10;Ürzig;;;;0
59830;René Bader;1922-08-07;;;;;0
59914;Aleksey Kostylev;1914-05-06;Moskau;;;;0
59918;Giovanni Degni;1900-09-28;Roma;;;;0
59937;Karl-Heinz Spikofski;1927-02-24;Essen;;;;0
59946;Felice Borel;1914-04-05;Nizza Monferrato;;;;0
59973;Kemal Omeragic;1931-09-16;Skopje;;;;0
60045;Walter Werner;1920-10-31;;;;;0
60108;Gündüz Tekin Onay;1942-05-31;Cankiri;;;;0
60109;Yilmaz Yücetürk;1941-03-12;Balikesir;;;;0
60110;Peter O'Rourke;1874-09-22;Newmilns;;;;0
60153;David Calderhead;1864-06-19;Hurlford, East Ayrshire;;;;0
60234;Oviedo;1938-10-22;Valencia de Alcántara;;;;0
60278;Giovanni Vecchina;1902-08-19;Venezia;;;;0
60291;André Menaut;1938-06-26;Bordeaux;;Licence trainer;;0
60352;Arnaldo Sentimenti;1914-05-24;Bomporto;;;;0
60357;Orlando Tognotti;1904-01-24;La Spezia;;;;0
60397;Luigi Brunella;1914-04-14;Garlasco;;;;0
60410;Ivan Tanev;1940-02-15;Gita;;;;0
60412;William Chalmers;1907-07-24;Bellshill;;;;0
60428;David Astley;1909-10-11;Dowlais;;;;0
60447;Thim van der Laan;1924-02-22;;;;;0
60477;Billy Wright;1924-02-06;Ironbridge, Shropshire;;;;0
60483;Gil Merrick;1922-01-26;Birmingham;;;;0
60630;Károly Fogl;1895-01-19;Budapest;;;;0
60687;Carmelo Cedrún Ochandategui;1930-12-06;Amorebieta-Etxano;;;;0
60707;Ferenc Machos;1932-06-30;Tatabánya;;;;0
60730;Jerzy Nikiel;1924-07-31;;;;;0
60737;Nevzat Güzelirmak;1942-01-01;Izmir;;;;0
61006;Angelo Schiavio;1905-10-15;Bologna;;;;0
61038;Fritz Kerr;1892-04-02;Leopoldstadt;;;;0
61120;Willi Treml;1910-05-24;;;;;0
61157;Fernand Jaccard;1907-10-08;;;;;0
61264;Meg de Jongh;1924-12-18;;;;;0
61363;Adam Fischer;1919-10-08;;;;;0
61435;Nicolae Zamfir;1944-12-14;Craiova;;;;0
61450;Noel O'Mahony;1939-12-18;;;;;0
61485;Leo Canjels;1933-04-01;Breda;;;;0
61487;Erwin Vandendaele;1945-03-05;Metz;;;;0
61588;Ferenc Csanádi;1925-01-01;Pestszenterzsébet;;;;0
61625;Matt Gillies;1921-08-12;West Lothain;;;;0
61757;Frank Séchehaye;1907-11-03;Genf;;;;0
61892;Antal Lyka;1908-05-29;Budapest;;;;0
61902;Ron Fenton;1940-09-21;South Shields;;;;0
61940;Jimmy Bonthrone;1929-06-16;Kinglassie;;;;0
62080;Kiril Simonovski;1915-10-19;Skopje;;;;0
62081;Anton Bulla;1901-04-17;;;;;0
62106;Elie Fruchart;1922-07-08;Calonne-Ricouart;;;;0
62109;Arnold Sowinski;1931-03-17;Liévin;;;;0
62113;Knud Lundberg;1920-05-14;København;;;;0
62184;Tadeusz Chruściński;1932-08-19;Błonie;;;;0
62373;François Wicart;1926-01-03;Bruay-en-Artois;;;;0
62566;Scott Duncan;1888-11-02;Dumbarton;;;;0
62573;Angelo Grizzetti;1916-05-14;Varese;;;;0
62666;Camille Cottin;1910-02-10;Paris-l'Hôpital;;;;0
62707;Léon Rossi;1923-11-02;Villefranche-sur-Mer;;;;0
62715;Gianfranco Leoncini;1939-09-25;Roma;;;;0
62744;Ted Bates;1918-05-03;Thetford;;;;0
62756;Frans Debruijn;1917-01-17;Sittard;;;;0
62780;Tito Corsi;1937-12-03;Latina;;;;0
62819;Ron Suart;1920-11-18;Barrow-in-Furness;;;;0
62847;Ernie Walley;1933-04-07;Caernarfon;;;;0
62972;Ned Bulatović;1938-04-19;Novi Sad;;;;0
63121;Tony Waddington;1924-11-09;Manchester;;;;0
63133;Bill Asprey;1936-09-11;Wolverhampton;;;;0
63250;Richie Barker;1939-11-23;Loughborough;;;;0
63257;Alexander Horvath;1938-12-28;Mosovce;;;;0
63299;Sammy Chung;1932-07-16;Abingdon-on-Thames;;;;0
63300;John Barnwell;1938-12-24;Newcastle upon Tyne;;;;0
63301;Ken Knighton;1944-02-20;Darton;;;;0
63348;Edmond Shmilovich;1921-12-02;Bucharest;;;;0
63407;Srboljub Markusevic;1936-05-05;Prizren;;;;0
63454;Alberto Muro;1927-04-27;Buenos Aires;;;;0
63498;Raymond Hild;1934-12-04;Weyersheim;;;;0
63588;Murtaz Khurtsilava;1943-01-05;Bandza;;;;0
63676;Joe Mallett;1916-01-08;Gateshead;;;;0
63696;Jean Dockx;1941-05-24;Wavre-Sainte-Catherine;;;;0
63697;Teodor Wieczorek;1923-11-09;Michałkowice;;;;0
63757;Antonio Chiandussi;1944-11-30;;;;;0
63790;Ken Furphy;1931-05-28;Stockton-on-Tees;;;;0
63945;Brian Green;1935-06-05;Droylsden;;;;0
63976;Wim Blokland;1919-11-04;Koog aan de Zaan;;;;0
63977;Piet Ouderland;1933-03-17;Amsterdam;;;;0
63979;Alan Brown;1914-08-26;Corbridge;;;;0
64089;Dick Taylor;1918-04-09;Wolverhampton;;;;0
64128;Jack Marshall;1917-05-29;Bolton;;;;0
64156;Jules Bigot;1915-10-22;Bully-les-Mines;;;;0
64157;József Eisenhoffer;1900-11-08;Budapest;;;;0
64267;Mordechai Spiegler;1944-08-19;Sotchi;;;;0
64268;Amatzia Levkovich;1937-12-27;Israel;;;;0
64288;Freddie Goodwin;1933-06-28;Heywood;;;;0
64366;Romolo Bizzotto;1925-02-16;Cerea;;;;0
64444;Karel Michlowski;1918-10-09;;;;;0
64562;Egon Pollak;1898-11-12;Wien;;;;0
64709;Stefano Perati;1909-01-15;Brescia;;;;0
64811;Carlo Facchini;1920-03-22;Milano;;;;0
64875;Alberto Eliani;1922-01-14;Trieste;;;;0
64920;Humberto Rosa;1932-04-08;Buenos Aires;;;;0
64928;Vinicio Viani;1913-08-05;Viareggio;;;;0
64936;Kaj Andrup;1903-05-29;;;;;0
64974;Juan Schwanner;1921-02-05;;;;;0
65185;Jean Djorkaeff;1939-10-27;Charvieu;;;;0
65188;Vladica Kovacevic;1940-01-07;Ivanjica;;;;0
65274;András Turai;1914-01-01;;;;;0
65284;Béla Kárpáti;1929-09-30;Felsőgalla;;;;0
65291;Örjan Martinsson;1936-11-01;Vadstena;;;;0
65316;Oskar Müller;1904-12-18;;;;;0
65339;Ottavio Morgia;1920-09-18;Roma;;;;0
65352;Vincenzo Soro;1913-04-23;;;;;0
65417;Kálmán Székány;1885-02-01;Budapest;;;;0
65503;Harry Haslam;1921-07-30;Manchester;;;;0
65513;Neil Franklin;1922-01-24;Stoke-on-Trent;;;;0
65553;Otto Schlefenberg;1917-01-01;;;;;0
65689;Raoul Bortoletto;1925-05-09;Treviso;;;;0
65723;Gino Giuberti;1912-07-01;Parma;;;;0
65760;Erik Jörgen Eriksen;1939-05-13;;;;;0
65773;Robert Willems;1935-05-06;Lier;;;;0
65774;Mariolino Congiu;1913-12-15;Cagliari;;;;0
65817;Erich Vogel;1939-01-03;;;;;0
65818;Istvan Szabo;1939-06-20;Csorna;;;;0
65839;Alan Ashman;1928-05-30;Rotherham;;;;0
65926;Ilja Katic;1945-07-20;Belgrad;;;;0
65940;Charly Hertig;1939-10-22;Genève;;;;0
66081;Rainer Ohlhauser;1941-01-06;Dilsberg;;;;0
66083;Paul Stehrenberger;1938-09-14;St. Gallen;;;;0
66259;Malcolm Allison;1927-09-05;Dartford;;;;0
66265;Giovanni Molino;1931-04-03;Caresana;;;;0
66275;Bruno Dazzi;1923-09-10;Fidenza;;;;0
66312;Bobby Murdoch;1944-08-17;Rutherglen;;;;0
66354;Bert Head;1916-06-08;Midsomer Norton;;;;0
66439;Salvinu Schembri;1923-10-19;Valletta;;;;0
66587;Sergio Manente;1924-12-10;Udine;;;;0
66845;Bob Stokoe;1930-09-21;Mickley;;;;0
67236;Walter Eich;1925-05-27;Oftringen;;;;0
67387;Giannis Kalogeras;1936-07-01;Athen;;;;0
67449;Giancarlo Danova;1938-11-18;Sesto San Giovanni;;;;0
67455;Max Hofsommer;1912-03-02;Zwötzen;;;;0
67458;Dr. Horst Slaby;1941-02-12;Dreimühlen;;;;0
67649;Virgil Dridea;1940-11-16;;;;;0
67957;Svetislav Glišović;1913-09-17;Belgrad;;;;0
68053;Didier Couécou;1944-07-25;Caudéran;;;;0
68065;Izidor Kürschner;1885-06-29;Budapest;;;;0
68313;Branislav Vukosavljević;1928-09-19;Belgrad;;;;0
68315;Max Barras;1908-03-28;;;;;0
68392;Vladimir Korotkov;1941-09-27;Noginsk, Moskau Region;;;;0
68531;Mathieu Bollen;1928-12-31;Genk;;;;0
68578;Jean Parisseaux;1932-09-29;;;;;0
68699;Jean-Pierre Borremans;1940-04-07;;;;;0
69006;Albert Châtelain;1910-04-24;;;;;0
69008;Heinz Lettl;1933-01-14;;;;;0
69258;Klaas Molenaar;1921-10-03;Westzaan;;;;0
69323;Viorel Mateianu;1938-06-01;Lipănești;;UEFA Pro Licence;;0
69559;Bobby Collins;1931-02-16;Govanhill;;;;0
69880;Tommy Eggleston;1920-02-21;Consett;;;;0
70285;Breur Weijzen;1933-12-29;;;;;0
70356;Andreas Papaemmanouil;1939-02-18;Neo Faliro;;;;0
70392;Eddie Turnbull;1923-04-12;Falkirk;;;;0
70398;Andreas Stamatiadis;1935-08-16;Athen;;;;0
70684;Dezső Bundzsák;1928-05-03;Kiskunhalas;;;;0
70816;Jack Johnson;1924-07-03;Odense;;;;0
71000;Tamer Güney;1936-01-06;Bilecik;;;;0
71444;Bill Ridding;1911-04-04;Heswall;;;;0
71482;Antonio Merlo;1934-01-12;;;;;0
71973;Milan Lesicky;1945-07-11;Trenčianske Teplice;;;;0
71997;Jean-Pierre Bakrim;1923-02-23;Floirac;;UEFA Pro Licence;;0
72076;Freddie Cox;1920-11-01;Reading;;;;0
72166;Fernando Caiado;1925-02-02;Leça da Palmeira;;;;0
72237;Tadeusz Kraus;1932-10-22;;;;;0
72341;Sven-Agne Larsson;1925-10-06;;;;;0
72408;Stefan Coidum;1930-12-28;Bukarest;;;;0
72598;Turgay Seren;1932-05-15;Ankara;;;;0
72747;Henri Roessler;1910-09-16;Lauterburg;;;;0
72767;Kaarlo Niilonen;1922-06-03;;;;;0
72790;Vlatko Konjevod;1923-01-01;Sarajevo;;;;0
72921;Ziya Taner;1924-01-01;Skopje;;;;0
73106;Jimmy Gordon;1915-10-23;Fauldhouse;;;;0
73119;Johnny Hart;1928-06-08;Golborne;;;;0
73147;Joe Brown;1929-04-26;Cramlington;;;;0
73173;Bob Dennison;1912-03-06;Amble;;;;0
73174;Ernst Kümmel;1925-03-16;Magdeburg;;;;0
73242;Billy Humphries;1936-06-08;Belfast;;;;0
73243;Jimmy Scoular;1925-01-11;Livingston;;;;0
73361;Lennart Söderberg;1941-07-07;Torpshammar;;;;0
73467;Roland Citherlet;1942-01-25;Delémont;;;;0
73658;Werner Schley;1935-01-25;Basel;;;;0
73751;Branko Vidjak;1920-03-14;;;;;0
73752;Marcel Mauron;1929-03-25;Genève;;;;0
73825;Henry From;1926-06-01;Aarhus;;;;0
73858;Konstantinos Tsakos;1935-10-28;Neapoli;;;;0
73935;Walter Pfeiffer;1927-06-12;Auggen;;;;0
74103;Thanasis Bebis;1928-06-26;Athen;;;;0
74138;Vincent McNeice;1938-10-25;Cricklewood;;;;0
74139;Mykhailo Koman;1928-04-01;Ľubotín;;;;0
74157;Arne Pedersen;1931-11-01;Fredrikstad;;;;0
74320;Per Mosgaard;1934-01-27;Oslo;;;;0
74342;Per Henaes;1938-02-06;;;;;0
74343;Arve Mokkelbost;1945-08-09;;;;;0
74363;Joar Hoff;1939-04-10;;;;;0
74574;Renato Cattaneo;1903-10-26;Alessandria;;;;0
74577;Tony Curley;1939-01-01;;;;;0
74638;Dr. Willem Hesselink;1878-02-08;Arnhem;;;;0
74643;Kálmán Konrád;1896-05-23;Palánka;;;;0
74644;Ludwig Goldbrunner;1908-03-05;München;;;;0
74645;Konrad Heidkamp;1905-09-27;Düsseldorf;;;;0
74691;Ludwig Hofmann;1900-06-09;München;;;;0
74693;Heinrich Körner;1893-07-02;Wien;;;;0
74695;Sepp Pöttinger;1903-04-16;München;;;;0
74710;Ferdinand Fabra;1906-10-08;Geseke;;;;0
74711;Fritz Thelen;1903-04-28;;;;;0
74713;Ferdinand Swatosch;1894-05-11;Simmering;;;;0
74714;Ernst Kuzorra;1905-10-16;Gelsenkirchen;;;;0
74716;Heinz Ludewig;1889-12-24;Duisburg;;;;0
74717;Gustav Wieser;1898-06-24;;;;;0
74718;Kurt Otto;1900-08-28;Rüttenscheid;;;;0
74720;Otto Faist;1903-03-11;Karlsruhe;;;;0
74747;Otto Rohwedder;1909-12-03;Hamburg;;;;0
74749;Hans Lang;1899-02-08;;;;;0
74751;Georg Hochgesang;1897-11-03;Nürnberg;;;;0
74754;Gyula Kertész;1888-02-29;Kálnica;;;;0
74755;Rudi Agte;1891-09-11;;;;;0
74758;Richard Girulatis;1878-08-21;Berlin;;;;0
74759;Josef Müller;1893-05-08;Würzburg;;;;0
74761;Walter Hollstein;1899-12-30;Gotha;;;;0
74762;Werner Sottong;1907-11-16;;;;;0
74764;Paul Gilly-Goldberger;1881-01-14;Wien;;;;0
74772;Bobby Smith;1944-03-14;Prestbury;;;;0
74773;Otto Höxtermann;1912-08-11;Paderborn;;;;0
74787;Fred Spiksley;1870-01-25;Gainsborough;;;;0
74789;Karl Berndt;1898-01-17;Berlin;;;;0
74790;Fritz Walter;1920-10-31;Kaiserslautern;;;;0
74791;Kuno Krügel;1910-08-02;Bamberg;;;;0
74794;Max Breunig;1888-11-12;Karlsruhe;;;;0
74821;Georg Wellhöfer;1893-03-10;Fürth;;;;0
74822;Fritz Teufel;1910-02-06;;;;;0
74826;Lothar Schröder;1914-08-22;Offenbach;;;;0
74827;Emil Gröner;1892-03-25;Stuttgart;;;;0
74828;Lony Seiderer;1895-11-01;Nürnberrg;;;;0
74829;Karl Becker;1902-11-09;Neustadt;;;;0
74850;Ernst Lehner;1912-12-07;Augsburg;;;;0
74851;Radoslav Momirski;1919-09-04;Novi Sad;;;;0
74919;Zeev Seltzer;1944-02-09;Petah Tikva;;;;0
74937;Richard Jäger;1933-02-01;Zürich;;;;0
74938;Raymond Morand;1931-01-23;;;;;0
75150;Roy Bentley;1924-05-17;Bristol;;;;0
75203;David White;1933-08-23;Motherwell;;;;0
75385;José Ángel Berraondo;1878-11-04;San Sebastian;;;;0
75386;Arthur Johnson;1879-04-12;;;;;0
75430;William Aitken;1894-02-02;Peterhead;;;;0
75483;Engelbert König;1884-10-18;;;;;0
75551;Oscar Heisserer;1914-07-18;Schirrhein;;;;0
75552;Julien Darui;1916-02-16;Oberkorn;;;;0
75553;Lucien Troupel;1919-01-11;;;;;0
75554;Gaby Robert;1920-03-05;Belcodène;;;;0
75555;Manuel Fernández;1922-02-01;Lada;;;;0
75556;Vinzenz Dittrich;1893-02-23;;;;;0
75558;Peter Farmer;1872-01-30;;;;;0
75559;Victor Gibson;1888-07-18;;;;;0
75568;Karl Burger;1883-12-26;Stuttgart;;;;0
75570;Hans Krauß;1903-05-25;Fürth;;;;0
75573;Hans Hagen;1894-07-15;Fürth;;;;0
75577;Alexander Popovich;1891-07-18;Wien;;;;0
75578;Willi Knesebeck;1887-03-31;Berlin;;;;0
75586;Oswald Pfau;1915-01-07;;;;;0
75588;Fritz Wittenbecher;1910-02-20;Stendal;;;;0
75604;Sepp Kretschmann;1902-03-21;;;;;0
75607;Helmut Lorenz;1923-03-18;;;;;0
75609;Heinz Werner;1916-04-12;;;;;0
75622;Stan Seymour;1895-05-16;Kelloe;;;;0
75623;George Martin;1899-07-14;Glasgow;;;;0
75624;Charlie Mitten;1921-01-17;Manchester;;;;0
75625;Norman Smith;1897-12-15;Newburn;;;;0
75633;Frank Brettell;1861-11-30;Smethwick;;;;0
75634;John Cameron;1872-04-13;Ayr;;;;0
75635;Arthur Rowe;1906-09-01;London;;;;0
75638;Joe Shaw;1883-05-07;;;;;0
75639;Lawrence Furniss;1862-02-16;;;;;0
75640;Ernest Mangnall;1866-01-04;Bolton;;;;0
75641;Albert Alexander;1867-09-21;Hulme;;;;0
75642;Peter Hodge;1871-06-28;Leith;;;;0
75644;Samuel Cowan;1901-05-10;Chesterfield;;;;0
75645;Jock Thomson;1906-07-06;Thornton;;;;0
75646;Les McDowall;1912-10-25;;;;;0
75647;George Poyser;1910-02-06;;;;;0
75648;William Birrell;1897-03-13;;;;;0
75649;John Tait Robertson;1877-01-25;Dumbarton;;;;0
75650;Edward Joseph Drake;1912-08-16;Southampton;;;;0
75653;George Allison;1883-10-24;Darlington;;;;0
75655;Leslie Knighton;1884-03-15;;;;;0
75656;Jack Crayston;1910-10-09;Grange-over-Sands;;;;0
75657;George Swindin;1914-12-04;;;;;0
75665;Jack Robson;1860-05-24;Durham;;;;0
75666;Dick Graham;1922-05-06;Corby;;;;0
75674;Thomas McIntosh;1879-02-24;Sedgefield;;;;0
75676;Cliff Britton;1909-08-29;Hanham;;;;0
75764;John Duncan;1896-02-14;Fife;;;;0
75765;Frank Womack;1888-09-16;;;;;0
75766;David Gardner;1873-03-31;Glasgow;;;;0
75768;David Steele;1894-07-29;Carluke;;;;0
75769;Willie Maley;1868-04-25;Newry;;;;0
75770;Jimmy McStay;1893-09-12;Androssan;;;;0
75771;John Goodall;1863-06-19;London;;;;0
75772;Dave Halliday;1901-12-11;Dumfries;;;;0
75774;Arthur Beier;1880-02-15;Karlsruhe;;;;0
75778;Karl Wegele;1887-09-27;Karlsruhe;;;;0
75779;Viktor Havlicek;1914-07-16;Wien;;;;0
75899;Dave Ewing;1929-05-10;Logierait;;;;0
75968;Willie MacFarlane;1930-03-17;Leith;;;;0
76115;André Gérard;1911-07-03;Bordeaux;;;;0
76191;Armin Günther;1924-04-24;Schneeberg;;;;0
76277;Danny Williams;1924-11-20;Maltby;;;;0
76950;António Ribeiro dos Reis;1896-07-19;Lisboa;;;;0
76968;Harry Gregg;1932-10-25;Magherafelt;;;;0
77006;Milan Navara;1928-09-05;Prostřední Suchá;;;;0
77025;Les Allen;1937-09-04;Dagenham;;;;0
77178;Alfred Sezemsky;1912-07-09;Wien;;;;0
77179;Karel Nepala;1917-01-27;Brno;;;;0
77198;Rudolf Krcil;1906-06-05;Trnovany;;;;0
77247;Hans-Otto Peters;1941-09-10;;;;;0
77293;Gyula Teleki;1928-02-15;Arad;;;;0
77385;Louis van den Bogert;1924-02-14;Utrecht;;;;0
77414;José Rodrigues Dias;1924-10-07;;;;;0
77847;Henry Gillet;1940-02-21;;;;;0
77848;Robert Meyer;1918-04-05;;;;;0
77849;Egon Milder;1942-04-22;;;;;0
77850;Maurice Meylan;1937-01-01;Renens VD;;;;0
77921;Zoltán Varga;1945-01-01;Val;;;;0
78215;Léo Eichmann;1936-12-24;Zürich;;;;0
78321;Albert Brülls;1937-03-26;Anrath;;;;0
78363;René Tschui;1923-01-05;;;;;0
78390;Imre Payer;1888-06-01;Sopronkövesd;;;;0
78391;Enrico Tirabassi;1896-01-11;;;;;0
78412;Konstantinos Nestoridis;1930-03-15;Drama;;;;0
78417;Nikolaos Pagalos;1915-02-14;;;;;0
78455;Viktor Kanevskyi;1936-10-03;Kiew;;;;0
78480;René Brodmann;1933-10-25;Ettingen;;;;0
78481;Stojan Osojnak;1923-06-11;Opatija;;;;0
78482;Peter Rösch;1930-09-15;Biel/Bienne;;;;0
78491;Ernst Wechselberger;1931-01-26;Augsburg;;;;0
78571;Gilbert Dutoit;1925-09-11;Lausanne;;;;0
78704;Stan Anderson;1933-02-27;Horden;;;;0
78798;Anton Schall;1907-06-22;Wien;;;;0
78801;Jozsef Winkler;1898-06-11;;;;;0
78892;Attila Sallustro;1908-12-15;Asunción;;;;0
78918;Paulo Innocenti;1902-03-11;Rio Grande do Sul;;;;0
79048;Josef Artimovics;1909-01-07;;;;;0
79136;Karl Striebinger;1913-08-02;Neuhofen;;;;0
79137;Jaroslav Dockal;1939-11-22;;;;;0
79232;Josef Humpal;1918-01-02;;;;;0
79252;Heinz Bigler;1925-12-21;;;;;0
79254;Roger Reymond;1924-03-24;;;;;0
79257;Alfred Bickel;1918-05-12;Eppstein;;;;0
79307;Raimo Toivanen;1945-10-03;;;;;0
79308;Matti Paatelainen;1944-06-14;Äänekoski;;;;0
79310;David Woodfield;1943-10-11;Leamington Spa;;;;0
79329;Willy Kernen;1929-08-06;La Chaux-de-Fonds;;;;0
79481;Giannis Skordilis;1926-07-24;Athen;;;;0
79568;Mile Kos;1925-09-20;Belgrad;;;;0
79611;Hans-Peter Friedländer;1920-11-06;Berlin;;;;0
79618;George Skinner;1917-06-26;Belvedere;;;;0
79620;Sigmar Pálmason;1943-03-23;;;;;0
