TrainerID;Nationality
2;Germany
3;Netherlands
4;Scotland
6;Switzerland
7;Belgium
9;Norway
10;Germany
13;Croatia
15;England
15;Germany
16;Germany
19;Germany
20;Germany
21;Germany
23;Germany
24;Germany
34;Hungary
38;Germany
40;Spain
42;Germany
44;Germany
49;Germany
50;Germany
54;Germany
55;Germany
59;Germany
62;Germany
65;Germany
67;Germany
70;Austria
70;Switzerland
71;Germany
72;Germany
73;Germany
75;Germany
76;Germany
78;Germany
81;Germany
83;Netherlands
84;Germany
85;Romania
85;Turkey
88;Germany
90;Germany
91;Austria
92;Germany
92;Switzerland
94;Germany
97;Germany
100;Lithuania
102;Austria
115;Germany
118;Germany
124;Germany
126;Germany
128;Austria
129;Austria
129;Germany
132;Germany
134;Germany
140;Germany
141;Germany
144;Germany
149;Germany
155;Germany
158;Germany
166;Germany
172;Germany
173;Germany
176;Ireland
176;Northern
179;Denmark
181;Germany
183;Austria
184;Germany
185;Germany
190;Germany
196;Germany
197;Germany
201;Germany
203;Germany
206;Bosnia-Herzegovina
207;Germany
208;England
210;Germany
213;France
219;Germany
224;Germany
225;Germany
232;Germany
235;Germany
239;Germany
243;Germany
246;Serbia
252;Germany
253;Turkey
258;France
258;Mali
261;Germany
262;Italy
269;Germany
271;Germany
272;Germany
273;Germany
275;Germany
277;Bulgaria
279;Germany
280;France
285;Germany
286;Germany
296;Germany
300;Netherlands
301;Belgium
302;Germany
303;Germany
304;Germany
305;Germany
306;Germany
307;Germany
309;Germany
309;Serbia
314;Germany
315;Germany
316;Germany
317;Czech
317;Republic
319;Germany
320;Bulgaria
320;Germany
321;Germany
323;Germany
324;Germany
325;Germany
326;Germany
327;Germany
328;Germany
331;Germany
334;Germany
335;Germany
337;Germany
338;Germany
340;Germany
342;Germany
347;Germany
348;Germany
349;Germany
350;Germany
356;Germany
357;Germany
358;Austria
359;Germany
360;Germany
364;Germany
365;Germany
369;Netherlands
370;Germany
374;Germany
377;Germany
378;Germany
383;Germany
385;Germany
386;Slovakia
396;Germany
401;Germany
402;Belgium
403;Germany
405;Germany
416;Germany
419;Bulgaria
419;Germany
420;Germany
422;Germany
422;Norway
423;Germany
425;Germany
428;Germany
429;Germany
429;Russia
430;Belgium
431;Germany
433;Germany
434;Portugal
435;Germany
437;Germany
439;Netherlands
440;Germany
442;Germany
443;Germany
445;England
446;Ireland
447;England
448;England
449;Scotland
450;Scotland
451;Ireland
451;Wales
453;England
454;England
455;Scotland
456;Italy
457;England
458;England
459;England
460;France
461;England
462;England
463;Bulgaria
472;Germany
474;Germany
476;Germany
477;Germany
478;Germany
479;Germany
480;Germany
482;Germany
483;Germany
484;Germany
485;Germany
487;Germany
489;Germany
495;Germany
496;Netherlands
497;Netherlands
498;France
498;Netherlands
499;Netherlands
500;Netherlands
501;Netherlands
502;Netherlands
505;Netherlands
506;Korea,
506;Netherlands
506;South
509;Netherlands
510;Netherlands
512;Netherlands
513;Italy
513;Libya
514;Italy
515;Italy
516;Italy
517;Italy
518;Italy
519;Italy
520;Italy
521;Italy
522;Italy
523;Italy
524;Italy
525;Italy
526;Argentina
527;Italy
528;Italy
529;Albania
529;Italy
530;Italy
531;Switzerland
532;Switzerland
533;Switzerland
534;Switzerland
535;Switzerland
536;Switzerland
537;Switzerland
538;Switzerland
539;Austria
540;Austria
541;Denmark
543;Russia
543;Tajikistan
544;France
544;Switzerland
545;Austria
549;Austria
550;Austria
551;Bulgaria
552;Mozambique
552;Portugal
553;Netherlands
554;Denmark
555;Germany
556;Denmark
557;Switzerland
558;Switzerland
560;Germany
561;Germany
569;Germany
570;Netherlands
570;Suriname
573;Netherlands
576;Germany
577;Germany
578;Germany
580;Russia
583;Bosnia-Herzegovina
584;Germany
586;Germany
588;Germany
589;Germany
592;Norway
594;Germany
598;England
599;England
599;Ireland
600;England
601;Scotland
602;England
603;Scotland
604;England
605;Ireland
605;Northern
606;England
607;England
608;England
609;England
610;England
611;England
613;England
614;Scotland
615;England
616;England
617;Wales
618;England
619;England
620;Scotland
621;Portugal
623;Spain
624;Spain
625;Scotland
626;Scotland
628;Italy
629;Israel
630;Spain
631;Belgium
632;Czech
632;Republic
634;Italy
635;Germany
636;Austria
641;Spain
642;France
643;Germany
645;Scotland
650;England
650;Singapore
651;Scotland
652;Scotland
654;Scotland
657;Scotland
658;Canada
658;Ireland
658;Northern
660;Scotland
663;Scotland
665;Scotland
669;Germany
670;Germany
671;Croatia
672;Germany
673;Germany
674;Germany
675;Germany
676;England
677;Germany
678;Sweden
680;Germany
681;Germany
684;Indonesia
684;Netherlands
689;Germany
692;Germany
693;Italy
697;Germany
698;Germany
700;Belgium
703;England
705;Germany
706;Belgium
707;Belgium
711;Belgium
711;Italy
712;Belgium
713;Belgium
714;Belgium
718;Netherlands
719;Belgium
724;Germany
729;Germany
734;Germany
742;Germany
745;Germany
747;Germany
748;Germany
751;Germany
774;Germany
775;Germany
780;Spain
781;Portugal
782;Portugal
783;Turkey
784;Turkey
788;Turkey
789;Turkey
795;Turkey
796;Turkey
801;Turkey
802;Turkey
804;Turkey
805;Romania
807;Turkey
810;Germany
810;Turkey
811;Turkey
814;Turkey
818;Spain
822;Spain
824;France
824;Germany
826;Germany
829;Germany
832;Germany
834;Italy
836;Spain
836;Switzerland
839;Netherlands
841;Switzerland
842;Switzerland
843;Germany
844;Germany
845;Germany
846;Germany
847;Germany
848;Germany
849;Germany
850;Germany
851;Germany
852;Germany
853;Netherlands
854;Germany
857;Belgium
858;Germany
860;Germany
862;Austria
863;Germany
864;Germany
865;Germany
866;Germany
867;Germany
868;Germany
869;Croatia
870;Germany
871;Germany
872;Germany
873;Germany
874;Germany
875;Germany
876;Germany
877;Germany
878;Croatia
879;Germany
880;Hungary
881;Germany
882;Germany
883;Germany
884;France
884;Romania
885;Austria
886;Germany
888;Germany
889;Germany
890;Kosovo
890;Serbia
891;Germany
892;Germany
893;Germany
894;Germany
895;Denmark
896;Germany
897;Croatia
898;Serbia
899;Germany
900;Germany
901;Germany
902;Germany
903;Germany
904;Germany
905;Germany
907;Germany
908;Germany
910;Germany
911;Austria
912;Austria
913;Austria
913;Serbia
914;Germany
915;Germany
916;Germany
917;Germany
918;Germany
919;Germany
920;Germany
921;Germany
922;Germany
923;Germany
924;Germany
925;Germany
926;Germany
927;Germany
928;Germany
929;Germany
930;Germany
931;Germany
932;Netherlands
934;Germany
935;Germany
936;Germany
937;Germany
938;Germany
939;Germany
940;Germany
941;Germany
944;Germany
945;Germany
947;Germany
948;Germany
949;Germany
950;Germany
951;Peru
952;Turkey
953;Germany
954;Germany
955;Germany
957;Germany
958;Germany
959;Switzerland
960;Italy
960;Switzerland
962;Switzerland
963;Switzerland
964;Germany
965;Germany
966;Germany
967;Germany
968;Germany
969;Poland
970;Germany
971;Germany
973;Germany
974;Germany
975;Germany
976;Germany
977;Germany
978;Germany
979;Germany
980;Germany
981;Germany
982;Germany
982;Switzerland
983;Denmark
984;Germany
985;Germany
986;Germany
987;Czech
987;Republic
989;Germany
990;Romania
992;Germany
993;Germany
994;Austria
995;Germany
996;Germany
997;Germany
998;England
999;Germany
1000;Germany
1006;Ukraine
1007;Germany
1010;Belgium
1013;Germany
1013;Italy
1015;Germany
1016;Germany
1017;Serbia
1018;Bolivia
1019;Bulgaria
1020;Germany
1021;Germany
1022;Germany
1022;Turkey
1023;Germany
1025;Germany
1027;Germany
1029;Germany
1031;Germany
1033;Germany
1034;Germany
1035;Germany
1036;Germany
1037;Portugal
1039;Poland
1040;Germany
1041;Cote
1041;d'Ivoire
1041;France
1042;Portugal
1043;Poland
1046;Germany
1047;Germany
1048;Germany
1049;Germany
1050;France
1051;France
1053;Austria
1055;Norway
1056;Czech
1056;Republic
1058;Czech
1058;Republic
1061;Turkey
1064;Germany
1066;Netherlands
1066;Suriname
1067;Russia
1067;UdSSR
1068;Brazil
1068;Italy
1069;Germany
1071;Italy
1072;Germany
1078;Germany
1079;Croatia
1080;Germany
1081;Germany
1082;Germany
1083;Germany
1084;Austria
1087;Bosnia-Herzegovina
1087;Germany
1089;Austria
1091;Germany
1097;Norway
1099;Belgium
1100;Sweden
1107;Germany
1109;Poland
1115;Germany
1115;Poland
1116;Germany
1119;Belgium
1119;Netherlands
1121;Germany
1122;Germany
1131;Germany
1132;Germany
1133;Poland
1135;Slovenia
1137;Belgium
1137;Spain
1143;Belgium
1143;Croatia
1144;Germany
1145;Germany
1153;Switzerland
1154;Bosnia-Herzegovina
1154;Greece
1155;Germany
1162;Germany
1163;Sweden
1178;Germany
1182;Germany
1183;Hungary
1186;Czech
1186;Italy
1186;Republic
1195;Germany
1196;Germany
1199;Germany
1201;Germany
1211;Germany
1212;Germany
1219;Sweden
1222;Czech
1222;Republic
1224;France
1225;France
1226;France
1227;Romania
1228;France
1229;France
1230;Algeria
1230;France
1231;Bosnia-Herzegovina
1232;France
1232;Switzerland
1233;France
1234;France
1236;France
1237;France
1238;France
1239;France
1240;France
1241;France
1248;Cyprus
1248;Serbia
1252;Greece
1254;Germany
1262;Sweden
1263;Netherlands
1264;Italy
1266;Germany
1269;Netherlands
1270;Netherlands
1271;Netherlands
1272;Romania
1273;Netherlands
1273;Suriname
1274;Netherlands
1275;Netherlands
1278;Greece
1281;Netherlands
1283;Netherlands
1288;Netherlands
1289;Greece
1291;France
1292;Italy
1294;Italy
1295;Italy
1299;Serbia
1300;France
1300;Serbia
1303;Germany
1305;Germany
1306;Italy
1312;Switzerland
1313;Switzerland
1314;Switzerland
1315;Bosnia-Herzegovina
1315;Switzerland
1318;Switzerland
1320;Romania
1320;Switzerland
1321;Switzerland
1323;Bosnia-Herzegovina
1324;Switzerland
1327;Netherlands
1332;Greece
1332;Romania
1334;Germany
1337;Czech
1337;Republic
1340;Greece
1343;Netherlands
1344;Germany
1355;Germany
1361;Germany
1366;Ireland
1366;Northern
1370;Croatia
1381;Germany
1392;Denmark
1395;Germany
1406;Germany
1407;Germany
1418;Germany
1426;Netherlands
1427;Germany
1428;Netherlands
1432;Switzerland
1434;Germany
1437;Bosnia-Herzegovina
1439;Belgium
1445;Sweden
1446;Sweden
1448;Germany
1449;Germany
1450;Romania
1451;Denmark
1454;Germany
1462;France
1464;Germany
1471;France
1474;Germany
1477;Netherlands
1478;Netherlands
1479;Netherlands
1481;Croatia
1482;Germany
1487;Germany
1488;Italy
1489;Hungary
1490;Iceland
1491;Lithuania
1500;Germany
1503;Switzerland
1508;Denmark
1512;Ukraine
1516;Hungary
1517;Germany
1518;Germany
1519;Slovenia
1520;Germany
1521;Germany
1522;Spain
1523;England
1524;England
1525;England
1527;England
1528;England
1530;Sweden
1531;France
1531;Uruguay
1536;France
1537;France
1537;Spain
1539;France
1540;Bosnia-Herzegovina
1540;France
1542;France
1542;Spain
1543;Switzerland
1547;France
1548;Mexico
1548;Spain
1550;Spain
1551;Spain
1552;Spain
1553;Spain
1554;Spain
1555;Spain
1556;Spain
1558;Chile
1559;Spain
1560;Germany
1561;Israel
1562;Croatia
1563;Czech
1563;Republic
1569;England
1571;Germany
1572;Portugal
1573;England
1578;Spain
1580;Germany
1581;Russia
1583;Scotland
1584;England
1585;England
1586;Portugal
1588;Portugal
1589;Portugal
1590;Portugal
1593;Portugal
1594;Angola
1594;Portugal
1595;Portugal
1598;England
1598;Ireland
1598;Northern
1609;Finland
1610;Netherlands
1612;Argentina
1612;Switzerland
1613;France
1616;Croatia
1617;Bosnia-Herzegovina
1617;Croatia
1618;Croatia
1623;Romania
1625;Germany
1636;Czech
1636;Republic
1646;Wales
1647;France
1647;Italy
1648;Austria
1649;England
1650;England
1662;Germany
1664;Austria
1669;Germany
1676;Montenegro
1676;Netherlands
1683;Ireland
1683;Northern
1686;Scotland
1687;Russia
1687;UdSSR
1690;England
1696;Portugal
1697;Scotland
1698;Spain
1701;Scotland
1702;Wales
1703;Scotland
1705;Scotland
1707;England
1708;England
1709;Wales
1712;England
1717;England
1718;Scotland
1721;England
1722;Scotland
1727;France
1729;France
1730;Germany
1733;France
1733;Poland
1736;France
1742;Wales
1752;Belgium
1760;Norway
1762;Norway
1763;Norway
1766;Germany
1769;Greece
1771;Germany
1775;England
1778;Belgium
1782;Greece
1790;Russia
1790;UdSSR
1798;Macedonia
1798;North
1799;Italy
1799;Romania
1800;Norway
1801;Norway
1802;Norway
1804;Norway
1805;Brazil
1806;France
1809;Italy
1810;Italy
1812;Scotland
1813;Sweden
1815;Netherlands
1816;Argentina
1821;Germany
1825;Wales
1827;Russia
1828;Scotland
1832;Italy
1834;Brazil
1834;Portugal
1837;Belgium
1840;Belgium
1842;Germany
1847;France
1848;Belgium
1856;Portugal
1857;Portugal
1859;Belgium
1866;Belgium
1866;Spain
1870;Netherlands
1873;Netherlands
1876;Netherlands
1880;Netherlands
1883;Netherlands
1886;Netherlands
1895;Belgium
1896;Cape
1896;Portugal
1896;Verde
1899;England
1903;Belgium
1905;Belgium
1905;Italy
1906;Austria
1908;Croatia
1909;England
1910;Croatia
1910;Switzerland
1911;Croatia
1916;England
1919;Germany
1920;Germany
1922;Germany
1923;Germany
1924;Germany
1925;Romania
1926;Germany
1927;Sweden
1928;Germany
1928;Italy
1930;Germany
1931;Italy
1932;Italy
1933;Italy
1934;Italy
1936;Netherlands
1937;Italy
1938;Austria
1939;Hungary
1941;Ireland
1942;England
1963;Germany
1964;Czech
1964;Republic
1974;Belgium
1976;Brazil
1980;Germany
1981;Germany
1982;Austria
1982;Germany
1985;Germany
1986;Germany
1987;France
1988;England
1990;England
1992;England
1993;Scotland
1994;England
1998;England
2001;England
2002;Scotland
2003;Ireland
2003;Northern
2005;Germany
2019;Turkey
2024;France
2027;Italy
2028;Italy
2029;Netherlands
2030;Belgium
2031;Germany
2031;Greece
2035;Germany
2035;Poland
2037;Scotland
2039;Spain
2045;Netherlands
2046;France
2047;Italy
2048;Ukraine
2049;Italy
2050;Germany
2052;Belgium
2055;Scotland
2058;France
2060;Italy
2061;Hungary
2063;Portugal
2065;Netherlands
2067;Netherlands
2067;Suriname
2068;Greece
2071;Hungary
2072;Scotland
2073;Russia
2077;Serbia
2078;Bosnia-Herzegovina
2078;Serbia
2081;Argentina
2083;Germany
2084;Germany
2085;Czech
2085;Republic
2089;Poland
2090;England
2091;Germany
2099;Italy
2100;Norway
2107;Romania
2114;Poland
2119;Austria
2120;Netherlands
2121;Brazil
2122;Italy
2123;Italy
2127;Italy
2128;Italy
2130;Italy
2132;Italy
2135;Italy
2136;Italy
2139;Italy
2140;Italy
2141;Italy
2142;Serbia
2145;Portugal
2146;France
2147;England
2148;Netherlands
2156;Germany
2158;Austria
2188;Greece
2190;Netherlands
2196;Slovakia
2198;Netherlands
2200;Netherlands
2232;Germany
2233;Austria
2234;Netherlands
2235;Austria
2238;Italy
2252;Italy
2259;Italy
2269;Italy
2278;Germany
2281;Germany
2282;Netherlands
2283;Portugal
2285;Netherlands
2289;Netherlands
2290;Germany
2291;Austria
2291;Netherlands
2292;Switzerland
2296;Austria
2299;Austria
2300;Austria
2302;France
2302;Italy
2303;France
2305;Netherlands
2307;Austria
2307;Poland
2308;Bulgaria
2310;Germany
2311;Germany
2311;Switzerland
2312;Netherlands
2316;Austria
2317;Spain
2324;Germany
2325;Austria
2327;Brazil
2332;Turkey
2335;Greece
2336;Germany
2341;Finland
2342;Germany
2346;France
2365;Netherlands
2367;Germany
2369;Belgium
2369;France
2370;Greece
2370;Ukraine
2371;Romania
2373;Belgium
2379;Germany
2383;Sweden
2387;Switzerland
2388;Germany
2389;Bosnia-Herzegovina
2389;Germany
2390;Germany
2400;Germany
2403;France
2406;Austria
2412;France
2426;Croatia
2434;Austria
2436;Bosnia-Herzegovina
2438;Germany
2440;Serbia
2440;Slovenia
2441;Austria
2443;Austria
2450;Germany
2451;Sweden
2452;Italy
2454;Germany
2455;Greece
2459;Croatia
2460;Scotland
2461;Portugal
2462;Portugal
2465;Austria
2467;Poland
2468;Poland
2469;Poland
2472;Poland
2473;Czech
2473;Republic
2474;Slovakia
2475;Poland
2476;Germany
2476;Poland
2477;Poland
2478;Poland
2479;Poland
2480;Poland
2484;Scotland
2487;Scotland
2490;Serbia
2496;Poland
2498;Poland
2500;Poland
2503;Germany
2504;Mexico
2504;Serbia
2508;Poland
2509;Ireland
2512;Serbia
2519;Germany
2539;Germany
2542;Serbia
2543;Sweden
2545;Ukraine
2546;Argentina
2546;Spain
2551;France
2553;Argentina
2555;Portugal
2557;Greece
2558;Greece
2562;Spain
2567;Spain
2572;Spain
2580;Switzerland
2582;Switzerland
2584;Switzerland
2586;Sweden
2587;Bosnia-Herzegovina
2587;Sweden
2588;Argentina
2590;Slovakia
2591;France
2592;Czech
2592;Republic
2593;Switzerland
2594;Portugal
2596;Scotland
2597;Scotland
2598;Romania
2599;Romania
2603;Scotland
2609;Bosnia-Herzegovina
2609;Turkey
2618;Turkey
2629;Germany
2630;Uruguay
2634;Scotland
2635;Scotland
2636;Scotland
2637;England
2638;Scotland
2639;England
2640;Italy
2643;Norway
2654;Ireland
2661;Spain
2662;Spain
2670;Czech
2670;Republic
2674;France
2674;Spain
2675;England
2676;England
2678;Poland
2679;France
2680;France
2681;Poland
2683;Montenegro
2690;Austria
2690;Croatia
2691;Czech
2691;Republic
2693;Ireland
2694;Slovakia
2695;Slovakia
2696;Slovakia
2697;Slovakia
2699;Brazil
2701;Ireland
2701;Northern
2703;Germany
2704;England
2707;Slovakia
2708;Romania
2709;England
2710;Germany
2711;Croatia
2715;Germany
2716;Germany
2723;Poland
2724;Czech
2724;Republic
2724;Slovakia
2728;Italy
2730;England
2730;Romania
2740;Serbia
2741;Bosnia-Herzegovina
2748;Montenegro
2753;Russia
2754;Russia
2754;Turkmenistan
2755;Russia
2755;Ukraine
2761;Russia
2763;Russia
2764;Latvia
2765;Spain
2770;Austria
2771;Switzerland
2772;Germany
2778;Sweden
2783;Spain
2786;Germany
2787;Netherlands
2790;Germany
2795;Germany
2802;Poland
2803;Austria
2808;Italy
2808;Switzerland
2810;Poland
2812;Scotland
2816;Scotland
2823;Italy
2824;Denmark
2825;Lithuania
2835;Portugal
2835;Russia
2836;Germany
2837;Sweden
2838;Sweden
2840;Sweden
2844;Sweden
2846;Spain
2852;Poland
2853;England
2856;Czech
2856;Republic
2858;Czech
2858;Republic
2859;Czech
2859;Republic
2861;Czech
2861;Republic
2863;Slovakia
2864;Czech
2864;Republic
2865;Czech
2865;Republic
2866;Czech
2866;Republic
2867;Czech
2867;Republic
2868;Argentina
2868;Italy
2878;Sweden
2881;Denmark
2882;Denmark
2883;Denmark
2885;Denmark
2886;Sweden
2887;Denmark
2888;Denmark
2889;Italy
2894;Argentina
2894;Italy
2895;Denmark
2898;Denmark
2914;Croatia
2915;France
2917;Uruguay
2919;Ireland
2922;Spain
2923;Argentina
2924;Croatia
2931;Austria
2934;Bulgaria
2951;Germany
2951;Nigeria
2954;Portugal
2961;Romania
2975;Germany
2989;Germany
2991;Austria
2998;Austria
3000;Austria
3003;Austria
3005;Austria
3006;Austria
3007;Austria
3008;Slovenia
3009;Austria
3011;Germany
3016;Austria
3018;Italy
3029;England
3030;Spain
3033;Portugal
3048;Croatia
3049;Scotland
3053;Netherlands
3054;Netherlands
3055;Belgium
3058;Hungary
3059;Hungary
3060;Germany
3062;Germany
3064;Italy
3065;Russia
3065;UdSSR
3075;Czech
3075;Republic
3078;Switzerland
3079;England
3080;England
3082;England
3098;England
3099;England
3100;England
3102;Germany
3103;Ireland
3105;Austria
3109;Italy
3112;Sweden
3113;Sweden
3115;Germany
3116;Germany
3117;Germany
3119;Sweden
3120;Sweden
3121;Sweden
3123;Sweden
3125;Sweden
3126;England
3127;England
3128;England
3129;England
3130;England
3131;England
3132;Ireland
3133;England
3138;Nigeria
3139;Poland
3143;Germany
3146;Germany
3158;Italy
3158;Slovenia
3159;England
3191;Germany
3193;Netherlands
3194;England
3195;Poland
3197;England
3208;States
3208;United
3217;Portugal
3219;England
3220;England
3226;Germany
3227;Germany
3228;Germany
3231;France
3232;Germany
3240;Switzerland
3240;Turkey
3241;Netherlands
3245;England
3249;Belgium
3252;Poland
3253;Austria
3256;Spain
3257;Italy
3257;Switzerland
3259;Portugal
3261;Scotland
3263;Czech
3263;Republic
3267;Germany
3270;Spain
3272;Germany
3287;Scotland
3291;Scotland
3292;Germany
3299;England
3301;England
3310;France
3311;England
3312;Ireland
3312;Northern
3319;Netherlands
3323;Colombia
3325;Sweden
3326;England
3333;Italy
3338;Germany
3347;Slovenia
3354;Czech
3354;Republic
3358;England
3363;Serbia
3380;Germany
3383;Slovenia
3384;Germany
3390;Belgium
3394;Germany
3397;England
3404;Slovakia
3408;Poland
3410;Germany
3412;Germany
3413;Norway
3415;England
3415;Serbia
3416;Germany
3418;Sweden
3419;Norway
3420;Norway
3423;Croatia
3424;Denmark
3425;Denmark
3427;Netherlands
3433;Poland
3435;Norway
3436;Italy
3438;Norway
3449;Belarus
3457;Germany
3458;Czech
3458;Republic
3475;Germany
3505;England
3507;Germany
3517;Italy
3520;Poland
3535;England
3540;England
3542;England
3543;Scotland
3577;France
3578;Scotland
3586;Argentina
3597;Serbia
3598;Croatia
3604;Serbia
3607;Belgium
3616;Germany
3618;Poland
3620;Poland
3623;Poland
3624;Ireland
3630;Italy
3630;Switzerland
3632;Slovenia
3657;Denmark
3660;England
3665;Scotland
3675;France
3694;Scotland
3697;Netherlands
3700;Belgium
3702;Romania
3705;Germany
3720;Germany
3721;Ireland
3722;Poland
3725;Belarus
3729;Belgium
3733;France
3736;France
3740;Belgium
3740;Macedonia
3740;North
3742;Netherlands
3753;England
3768;Lithuania
3770;Germany
3771;Slovakia
3773;Austria
3776;Italy
3778;Serbia
3780;Israel
3785;Netherlands
3786;Netherlands
3787;Netherlands
3793;Italy
3801;Netherlands
3816;Netherlands
3841;Netherlands
3843;Netherlands
3865;Germany
3866;England
3868;France
3869;Czech
3869;Republic
3870;Germany
3874;Serbia
3876;Poland
3877;Poland
3880;France
3882;England
3884;France
3888;France
3896;Italy
3896;Serbia
3904;Poland
3910;Netherlands
3923;Argentina
3923;Switzerland
3936;Cyprus
3936;Serbia
3939;France
3943;France
3946;France
3951;France
3962;France
3963;France
3967;France
3975;Argentina
3978;France
3979;France
3980;France
3994;Denmark
3995;Denmark
3997;Denmark
3999;France
4001;France
4002;Armenia
4002;France
4006;France
4010;Italy
4011;France
4025;Belgium
4025;France
4026;Cambodia
4026;France
4032;France
4035;France
4037;France
4039;France
4040;France
4042;Latvia
4044;Germany
4051;Norway
4052;Ireland
4053;Bulgaria
4055;Norway
4056;Ukraine
4059;Germany
4061;Portugal
4064;Portugal
4069;England
4070;Austria
4073;England
4078;Spain
4078;Uruguay
4079;England
4082;Hungary
4082;Romania
4083;Netherlands
4084;Netherlands
4085;Wales
4088;Serbia
4096;Scotland
4097;Turkey
4107;Wales
4111;Bosnia-Herzegovina
4112;Czech
4112;Republic
4119;Poland
4120;Poland
4121;Ireland
4121;Scotland
4125;England
4127;Scotland
4128;Ireland
4129;England
4131;England
4135;Wales
4136;England
4137;England
4140;England
4141;England
4142;Netherlands
4145;England
4146;England
4147;England
4147;Ireland
4149;England
4151;England
4152;England
4153;England
4155;England
4155;Wales
4158;Ireland
4160;France
4164;Scotland
4166;Germany
4174;Scotland
4175;Ireland
4176;Turkey
4181;Croatia
4182;Croatia
4183;Serbia
4192;Serbia
4197;Germany
4198;Spain
4204;Bosnia-Herzegovina
4204;Croatia
4208;Bosnia-Herzegovina
4217;Slovenia
4219;Serbia
4227;England
4228;England
4230;Barbados
4230;England
4240;Poland
4256;Serbia
4258;Germany
4266;Macedonia
4266;North
4271;Belgium
4271;Spain
4277;Germany
4282;Italy
4283;Switzerland
4284;Portugal
4299;Austria
4301;Germany
4303;Croatia
4326;Luxembourg
4326;Switzerland
4328;Spain
4335;Switzerland
4336;Switzerland
4337;Switzerland
4343;Russia
4344;Poland
4346;Russia
4347;Russia
4348;Russia
4350;Russia
4350;Ukraine
4356;Germany
4363;Ukraine
4371;Germany
4373;Hungary
4374;England
4385;Sweden
4392;Sweden
4394;Iceland
4396;Germany
4400;Sweden
4402;Sweden
4405;Sweden
4407;Sweden
4411;England
4411;Sweden
4417;Spain
4419;Bosnia-Herzegovina
4424;Denmark
4431;Norway
4432;Norway
4433;Sweden
4435;Sweden
4436;Norway
4440;Germany
4445;Scotland
4455;Croatia
4460;Germany
4462;Austria
4463;England
4464;Scotland
4465;Wales
4481;Serbia
4484;Germany
4487;Germany
4488;Germany
4488;Netherlands
4492;Germany
4502;Austria
4520;Serbia
4527;Serbia
4547;Serbia
4550;Serbia
4585;Poland
4586;Poland
4586;Spain
4589;France
4592;Russia
4593;Italy
4596;Poland
4601;Belgium
4607;Germany
4610;Germany
4618;Germany
4622;Germany
4626;Serbia
4628;Brazil
4645;Germany
4675;Hungary
4675;Romania
4676;Germany
4682;Germany
4688;Germany
4693;Argentina
4693;Spain
4695;Greece
4696;Poland
4705;Denmark
4708;Turkey
4715;Netherlands
4743;Belgium
4744;Germany
4751;Germany
4756;Croatia
4767;Russia
4773;Scotland
4775;Scotland
4776;Turkey
4784;Romania
4785;Romania
4786;Albania
4788;Romania
4789;Romania
4790;Italy
4791;Romania
4793;Romania
4794;Romania
4795;Romania
4796;Belgium
4796;Romania
4797;Romania
4798;Czech
4798;Republic
4819;Bosnia-Herzegovina
4819;Qatar
4824;Denmark
4826;Germany
4835;Croatia
4840;Scotland
4849;Germany
4850;Austria
4853;Germany
4853;Netherlands
4855;Austria
4861;Czech
4861;Republic
4878;Argentina
4882;Argentina
4882;Mexico
4890;Serbia
4895;Austria
4897;Austria
4897;Romania
4902;Italy
4905;Germany
4912;Switzerland
4917;Austria
4918;Austria
4939;Austria
4939;Poland
4955;Montenegro
4955;Netherlands
4959;Austria
4966;Poland
4971;Croatia
4972;Austria
4994;Cyprus
4994;Georgia
4995;Russia
4995;UdSSR
4996;Israel
5001;Romania
5002;Turkey
5006;Turkey
5016;Brazil
5018;Austria
5027;Germany
5029;Hungary
5034;France
5035;France
5036;France
5041;Netherlands
5051;Croatia
5051;Spain
5056;Ireland
5059;Russia
5060;England
5060;Finland
5063;France
5064;France
5065;France
5067;France
5071;Belarus
5075;Spain
5076;Germany
5078;Turkey
5081;Turkey
5082;Spain
5085;Spain
5089;Bulgaria
5095;Spain
5099;Ukraine
5100;Armenia
5100;Uruguay
5104;Russia
5107;Netherlands
5113;Spain
5125;Greece
5125;Serbia
5127;Poland
5144;Armenia
5149;Lithuania
5151;Albania
5164;Ukraine
5172;Spain
5177;Spain
5180;Spain
5191;Ukraine
5192;Ukraine
5197;Croatia
5205;Turkey
5206;Ukraine
5207;Ukraine
5221;Norway
5225;Spain
5227;Serbia
5229;Serbia
5232;Israel
5232;Poland
5236;Germany
5239;Scotland
5240;Hungary
5240;Ukraine
5247;Ukraine
5253;Germany
5255;Italy
5261;Slovenia
5269;Albania
5278;Spain
5293;Albania
5297;Austria
5304;Bulgaria
5304;Germany
5310;Germany
5311;Switzerland
5315;Germany
5319;Romania
5328;Germany
5338;Germany
5342;Italy
5354;Ireland
5354;Northern
5355;Scotland
5368;Spain
5372;Denmark
5374;Italy
5383;Scotland
5385;Italy
5387;England
5398;Netherlands
5398;Suriname
5401;Norway
5403;Germany
5408;Germany
5409;Netherlands
5410;Croatia
5412;Romania
5414;England
5416;Italy
5420;Italy
5424;Spain
5425;Greece
5428;Macedonia
5428;North
5429;Romania
5429;Turkey
5432;Italy
5433;France
5438;Portugal
5439;Ukraine
5440;Croatia
5441;Netherlands
5449;Scotland
5450;Scotland
5467;Germany
5470;Germany
5474;Germany
5477;Belgium
5480;Poland
5483;Poland
5493;Argentina
5501;Belgium
5511;Israel
5512;Israel
5513;Israel
5514;Scotland
5526;Scotland
5527;Poland
5539;Finland
5548;Sweden
5563;Ukraine
5572;Italy
5574;Romania
5576;Argentina
5576;Israel
5588;Romania
5589;Switzerland
5591;Poland
5594;Denmark
5599;Romania
5601;Austria
5602;Sweden
5605;Scotland
5614;Montenegro
5616;Argentina
5618;Bulgaria
5627;Serbia
5627;Spain
5628;Portugal
5629;Portugal
5638;Portugal
5647;England
5653;Scotland
5661;Scotland
5671;Spain
5672;Spain
5685;Spain
5691;Czech
5691;Republic
5692;Netherlands
5693;Czech
5693;Republic
5694;Czech
5694;Republic
5699;Scotland
5711;Bosnia-Herzegovina
5711;Spain
5718;Finland
5720;Ukraine
5727;Austria
5731;France
5746;France
5749;France
5753;France
5762;Spain
5777;Albania
5779;Albania
5780;Albania
5781;Italy
5786;Italy
5790;Serbia
5794;Germany
5798;Austria
5801;Austria
5807;Ireland
5807;Northern
5809;France
5814;England
5857;Switzerland
5862;Switzerland
5864;Switzerland
5867;Switzerland
5869;Germany
5872;Switzerland
5891;Italy
5893;Italy
5893;Switzerland
5904;Spain
5905;Germany
5915;Croatia
5924;Germany
5925;Spain
5941;Spain
5944;Scotland
5948;Germany
5965;Switzerland
5966;Serbia
5970;Scotland
5973;Germany
5986;England
5990;England
5993;England
6017;Ukraine
6023;Switzerland
6039;Hungary
6050;Hungary
6068;Italy
6068;Switzerland
6071;Romania
6074;Portugal
6075;Belgium
6079;Poland
6085;Germany
6085;States
6085;United
6086;Germany
6088;Germany
6089;Germany
6092;Germany
6092;States
6092;United
6101;Macedonia
6101;North
6107;Macedonia
6107;North
6115;England
6116;England
6117;England
6119;England
6127;Macedonia
6127;North
6130;Spain
6133;Switzerland
6144;Germany
6148;Spain
6163;Germany
6164;Ukraine
6165;Russia
6173;Greece
6175;Portugal
6195;Italy
6206;Germany
6208;Romania
6209;Italy
6210;Canada
6210;Netherlands
6211;Ukraine
6219;Poland
6224;Switzerland
6225;Italy
6236;Sweden
6242;Germany
6244;England
6245;England
6245;Ireland
6247;Poland
6247;Wales
6248;Ireland
6254;Belgium
6258;Austria
6259;Spain
6263;Germany
6265;Bulgaria
6266;Ireland
6266;Northern
6270;Portugal
6270;Serbia
6272;Scotland
6276;Austria
6288;Ukraine
6289;Germany
6290;Romania
6300;England
6306;England
6308;England
6308;Serbia
6309;England
6315;Wales
6317;Italy
6342;England
6346;England
6349;England
6366;Turkey
6367;Russia
6370;Germany
6372;Spain
6375;Spain
6382;Germany
6386;Spain
6387;Spain
6405;Netherlands
6408;Albania
6408;Belgium
6413;Germany
6414;Slovakia
6422;Romania
6423;Germany
6428;Hungary
6431;Cyprus
6431;Germany
6435;England
6444;Spain
6445;Spain
6447;Spain
6460;Spain
6462;Spain
6470;Spain
6475;Germany
6477;Spain
6480;France
6483;Austria
6486;Serbia
6487;Croatia
6495;Estonia
6495;UdSSR
6497;Russia
6497;UdSSR
6499;Spain
6500;Spain
6507;Belgium
6509;Germany
6513;Cameroon
6513;Germany
6517;Switzerland
6525;Spain
6526;Spain
6530;France
6564;Ukraine
6565;Germany
6566;Portugal
6567;Angola
6567;Portugal
6570;England
6571;Scotland
6580;Germany
6593;Slovenia
6594;Austria
6595;Austria
6596;Austria
6597;Slovakia
6598;Austria
6599;Belarus
6599;Russia
6605;Germany
6615;Spain
6626;England
6627;France
6643;Germany
6644;Slovenia
6653;Croatia
6681;Germany
6715;Germany
6722;Spain
6744;Belgium
6749;Scotland
6754;Hungary
6757;Belarus
6761;Bosnia-Herzegovina
6766;Germany
6767;Denmark
6770;Montenegro
6782;Belgium
6782;Serbia
6783;Italy
6789;Serbia
6792;Germany
6801;Germany
6801;Hungary
6816;Finland
6820;Serbia
6821;Finland
6832;Netherlands
6850;Malta
6876;Austria
6920;Germany
6936;Denmark
6945;Croatia
6950;Albania
6950;Bosnia-Herzegovina
6958;Germany
6988;Macedonia
6988;North
7017;Iceland
7018;Czech
7018;Republic
7032;Netherlands
7048;Poland
7051;Switzerland
7055;Germany
7057;Croatia
7064;England
7073;Belgium
7073;Greece
7074;Denmark
7075;Argentina
7077;Denmark
7079;France
7081;Ireland
7084;Portugal
7112;Czech
7112;Republic
7120;Poland
7121;Poland
7123;Poland
7125;Poland
7128;Poland
7129;Poland
7133;Armenia
7155;Spain
7196;Germany
7198;Norway
7200;Romania
7201;France
7205;Malta
7206;Romania
7209;Ireland
7209;Northern
7215;France
7226;Hungary
7232;France
7236;France
7242;Germany
7242;Hungary
7244;Malta
7254;Spain
7256;France
7267;England
7269;England
7270;England
7277;Netherlands
7278;England
7281;Scotland
7282;Spain
7286;Norway
7288;England
7300;England
7302;Russia
7302;UdSSR
7307;Denmark
7308;Denmark
7315;Lithuania
7343;Bosnia-Herzegovina
7394;Austria
7400;Germany
7414;Germany
7416;Czech
7416;Republic
7418;Serbia
7418;Spain
7427;Germany
7428;Germany
7447;Czech
7447;Republic
7448;Germany
7453;Turkey
7455;Ireland
7471;Germany
7479;Turkey
7483;Germany
7484;Belarus
7488;Germany
7488;Poland
7495;Cyprus
7516;Georgia
7518;Italy
7521;Italy
7537;Norway
7546;Ireland
7547;Ireland
7556;Italy
7561;Portugal
7565;Germany
7571;Portugal
7583;Czech
7583;Republic
7585;England
7586;England
7590;Belgium
7593;Poland
7595;Germany
7595;Turkey
7606;Bulgaria
7606;Serbia
7610;Switzerland
7616;Spain
7617;Bulgaria
7620;Bulgaria
7636;Argentina
7640;Scotland
7643;Bulgaria
7647;Russia
7647;UdSSR
7649;Hungary
7654;England
7658;Wales
7664;England
7665;England
7671;Italy
7676;Bulgaria
7680;Bulgaria
7682;Bulgaria
7688;Italy
7701;Austria
7710;Albania
7720;Portugal
7721;Iceland
7726;Portugal
7757;Germany
7773;England
7773;Wales
7787;Denmark
7790;Germany
7796;Ukraine
7798;Macedonia
7798;North
7807;Czech
7807;Republic
7809;Czech
7809;Republic
7820;Germany
7827;Argentina
7827;Italy
7836;Netherlands
7841;Denmark
7843;Belgium
7847;England
7849;Georgia
7850;Netherlands
7860;England
7865;Netherlands
7867;Finland
7872;Finland
7873;Wales
7875;Turkey
7877;Germany
7877;Turkey
7879;England
7879;Malta
7887;Wales
7897;Russia
7900;Germany
7900;Turkey
7906;Austria
7911;Iceland
7912;Iceland
7913;Germany
7913;Switzerland
7914;Iceland
7921;Spain
7958;Wales
7970;Switzerland
7972;Slovakia
7988;Russia
8002;France
8005;Slovakia
8035;Russia
8037;England
8044;Finland
8046;Finland
8051;Finland
8058;Egypt
8058;Finland
8061;Luxembourg
8067;Switzerland
8070;Luxembourg
8072;Luxembourg
8081;Ukraine
8083;Ukraine
8084;Ukraine
8107;Luxembourg
8108;France
8126;Czech
8126;Republic
8127;Czech
8127;Republic
8128;Czech
8128;Republic
8129;Czech
8129;Republic
8131;Czech
8131;Republic
8132;Czech
8132;Republic
8133;Slovakia
8137;Slovakia
8140;Slovakia
8142;Serbia
8163;Scotland
8165;Netherlands
8194;Denmark
8195;Macedonia
8195;North
8237;Denmark
8241;Ireland
8241;States
8241;United
8253;Scotland
8257;Bosnia-Herzegovina
8257;Croatia
8259;England
8264;Denmark
8267;Portugal
8268;Scotland
8271;Finland
8278;Ireland
8286;Netherlands
8296;Luxembourg
8297;Spain
8298;Norway
8302;France
8329;England
8346;Hungary
8364;Austria
8368;Denmark
8369;Portugal
8371;Netherlands
8374;Denmark
8377;Germany
8386;Poland
8397;Russia
8403;Germany
8407;Germany
8459;Czech
8459;Republic
8468;Germany
8498;Switzerland
8501;Germany
8507;Croatia
8513;Germany
8526;Denmark
8536;Turkey
8539;Poland
8560;Ireland
8561;Germany
8572;England
8604;Belgium
8606;Luxembourg
8624;Slovenia
8631;Brazil
8631;Italy
8644;Finland
8646;Italy
8660;Germany
8661;England
8664;Ireland
8665;Scotland
8667;Germany
8675;Luxembourg
8678;Italy
8710;Czech
8710;Republic
8712;Germany
8724;Romania
8726;Austria
8740;Sweden
8747;Poland
8760;Germany
8761;Ireland
8763;England
8769;Romania
8770;Germany
8772;Serbia
8776;Romania
8778;Sweden
8785;Denmark
8790;Belarus
8798;Germany
8805;Greece
8806;Greece
8808;Serbia
8809;Greece
8815;Denmark
8818;Denmark
8826;Luxembourg
8838;Poland
8838;States
8838;United
8845;Hungary
8848;Hungary
8853;Hungary
8856;Hungary
8860;Germany
8863;England
8865;Luxembourg
8875;Russia
8875;Uzbekistan
8879;Germany
8880;Iceland
8881;Scotland
8936;Ireland
8936;Northern
8950;Russia
9002;Denmark
9007;Austria
9033;Iceland
9036;Germany
9044;Argentina
9044;Spain
9049;Ukraine
9051;Austria
9061;Greece
9074;France
9079;Germany
9079;Ukraine
9081;Scotland
9102;Canada
9102;Netherlands
9108;Hungary
9120;Hungary
9133;Sweden
9137;Sweden
9141;Germany
9142;Hungary
9150;Germany
9150;Poland
9151;Hungary
9160;Luxembourg
9182;Denmark
9209;Austria
9226;Italy
9230;Spain
9231;Belgium
9241;Denmark
9242;Denmark
9251;Denmark
9253;Denmark
9268;Greece
9279;Albania
9279;Macedonia
9279;North
9282;England
9287;Montenegro
9287;Serbia
9294;Russia
9298;Austria
9300;Sweden
9310;England
9310;Serbia
9313;Germany
9334;Spain
9344;Iceland
9349;Hungary
9370;Ireland
9370;Northern
9371;Netherlands
9375;Portugal
9382;Bosnia-Herzegovina
9382;Switzerland
9389;Ukraine
9403;Finland
9404;Germany
9405;Iceland
9407;Iceland
9408;Iceland
9408;Serbia
9409;Iceland
9410;Iceland
9413;Iceland
9414;Iceland
9418;Romania
9425;Bulgaria
9425;Macedonia
9425;North
9439;Russia
9450;Italy
9451;Italy
9455;England
9456;England
9472;Iceland
9475;Slovakia
9477;Slovakia
9478;Serbia
9479;Slovakia
9490;Slovakia
9491;Denmark
9493;Belgium
9493;Serbia
9503;Germany
9510;Hungary
9511;Serbia
9519;Poland
9519;Russia
9536;Denmark
9564;Germany
9570;Germany
9577;Germany
9580;Norway
9582;Norway
9596;Bulgaria
9599;Croatia
9604;Croatia
9607;Argentina
9609;Germany
9616;Germany
9621;England
9622;Germany
9631;Mozambique
9631;Portugal
9633;England
9660;Bosnia-Herzegovina
9660;Switzerland
9661;England
9704;Poland
9720;Sweden
9721;Germany
9723;Germany
9725;Switzerland
9729;Germany
9730;England
9731;Sweden
9732;Austria
9746;Germany
9748;Germany
9748;States
9748;United
9766;Norway
9791;Germany
9809;Bosnia-Herzegovina
9810;Germany
9819;Belarus
9819;Russia
9821;Czech
9821;Republic
9822;Czech
9822;Republic
9823;Germany
9825;Finland
9829;Germany
9830;Germany
9834;Germany
9835;Belgium
9838;Germany
9839;Hungary
9845;Germany
9846;Germany
9847;Germany
9855;Germany
9856;Serbia
9862;Germany
9864;Germany
9866;Germany
9869;Germany
9873;Germany
9874;Germany
9876;Germany
9877;Germany
9878;Germany
9879;Estonia
9879;Russia
9894;Germany
9897;Spain
9902;Germany
9903;Poland
9925;Germany
9927;Germany
9934;Austria
9935;Germany
9994;England
10001;Germany
10009;Russia
10009;UdSSR
10015;England
10023;Slovenia
10029;Germany
10035;Germany
10046;Croatia
10046;Iceland
10060;Finland
10061;Finland
10070;Germany
10071;Germany
10073;Italy
10079;Belarus
10080;Algeria
10080;France
10084;Russia
10084;Uzbekistan
10100;Germany
10101;Germany
10101;Turkey
10114;Germany
10115;Germany
10136;Finland
10143;Luxembourg
10175;Ukraine
10182;Germany
10190;Germany
10193;Croatia
10201;Austria
10208;Netherlands
10216;Israel
10226;Romania
10246;Slovakia
10250;Germany
10251;Brazil
10254;Spain
10259;Czech
10259;Republic
10264;Portugal
10267;Netherlands
10278;Germany
10286;Italy
10286;Switzerland
10287;Germany
10295;Luxembourg
10302;Uruguay
10306;Belarus
10316;Switzerland
10319;Iceland
10321;Iceland
10322;Netherlands
10344;Norway
10345;Austria
10346;Austria
10347;Austria
10348;Austria
10356;Germany
10357;Russia
10358;Russia
10367;Turkey
10370;Russia
10387;Russia
10387;Ukraine
10419;Georgia
10419;Russia
10432;Sweden
10436;Hungary
10438;Portugal
10440;Russia
10440;Ukraine
10463;Croatia
10470;Austria
10470;Croatia
10484;Turkey
10486;Cyprus
10490;Poland
10492;Poland
10515;Armenia
10517;Germany
10523;Denmark
10529;Germany
10532;Scotland
10533;Scotland
10536;Germany
10536;Poland
10547;Germany
10549;Germany
10552;Bosnia-Herzegovina
10554;Azerbaijan
10559;England
10564;Spain
10566;Cape
10566;Portugal
10566;Verde
10569;Bulgaria
10575;Germany
10586;Georgia
10587;Italy
10591;Portugal
10596;Scotland
10598;Scotland
10599;Scotland
10600;Scotland
10603;Scotland
10607;Poland
10609;Portugal
10619;Denmark
10622;Hungary
10625;Ireland
10625;Northern
10630;Austria
10643;Spain
10651;England
10656;Northern Ireland
10662;Germany
10665;Germany
10682;Portugal
10682;Venezuela
10683;Belgium
10684;Paraguay
10697;Netherlands
10734;Scotland
10737;Switzerland
10752;Germany
10759;Poland
10771;Italy
10771;Luxembourg
10781;Spain
10802;Finland
10813;Poland
10819;Argentina
10826;Argentina
10838;Argentina
10838;Spain
10881;Germany
10881;Turkey
10892;Ukraine
10899;Ireland
10899;Northern
10906;Italy
10906;States
10906;United
10912;Israel
10913;Malta
10922;Luxembourg
10939;Germany
10945;France
10945;Martinique
10966;Belarus
10967;Scotland
10969;Belarus
10970;Belgium
10976;England
10996;Germany
11028;Germany
11054;Germany
11063;Germany
11068;Germany
11069;Germany
11078;Luxembourg
11104;Poland
11125;Croatia
11145;Romania
11146;Italy
11147;Romania
11153;Ireland
11153;Northern
11169;England
11182;Portugal
11186;Luxembourg
11191;Germany
11215;Ireland
11216;Israel
11229;Germany
11238;England
11268;Iceland
11287;Germany
11287;Greece
11289;Germany
11400;Germany
11406;Slovakia
11410;Germany
11489;Germany
11518;England
11548;Lithuania
11550;Ireland
11552;Portugal
11556;Finland
11562;Greece
11585;Portugal
11590;France
11592;Bosnia-Herzegovina
11594;Hungary
11595;Ukraine
11597;Cyprus
11597;Greece
11602;Germany
11643;Germany
11659;Switzerland
11664;Portugal
11692;Russia
11697;Scotland
11698;England
11702;Bosnia-Herzegovina
11716;Denmark
11727;Netherlands
11745;Bosnia-Herzegovina
11768;Greece
11769;Greece
11771;Greece
11795;Italy
11832;Ireland
11832;Northern
11833;Switzerland
11847;Romania
11854;Germany
11860;Germany
11862;Poland
11879;Denmark
11880;Germany
11881;Sweden
11886;Germany
11899;Poland
11901;England
11908;Germany
11916;Switzerland
11946;Bulgaria
11960;Germany
11961;Romania
11963;Iceland
11974;Russia
11974;UdSSR
11978;England
12023;Slovakia
12032;Serbia
12045;Czech
12045;Republic
12053;Turkey
12054;Serbia
12058;Ukraine
12067;Israel
12094;Ireland
12094;Spain
12103;Algeria
12105;Argentina
12110;Portugal
12113;Germany
12114;Germany
12120;France
12126;Finland
12131;Germany
12134;Scotland
12144;Finland
12154;Finland
12162;Sweden
12172;Germany
12180;Sweden
12193;Germany
12213;Slovenia
12214;Germany
12226;Germany
12227;Germany
12253;Germany
12256;Germany
12259;Germany
12277;Germany
12280;Germany
12281;Austria
12281;Lithuania
12286;Germany
12289;Chile
12289;Sweden
12295;Germany
12296;Greece
12296;Poland
12297;Germany
12312;Germany
12320;Scotland
12321;Scotland
12324;Spain
12326;Hungary
12326;Spain
12329;Spain
12329;Switzerland
12333;Canada
12333;England
12347;Germany
12348;Germany
12356;Hungary
12361;Cape
12361;Sweden
12361;Verde
12372;Ireland
12375;Germany
12381;Poland
12390;Poland
12395;Germany
12419;Israel
12431;Germany
12436;Italy
12438;Germany
12439;Germany
12440;Spain
12454;Hungary
12458;Netherlands
12466;Ireland
12467;Norway
12476;Bulgaria
12476;Portugal
12485;Bulgaria
12494;Greece
12500;Ireland
12520;Bulgaria
12524;Bulgaria
12536;Israel
12538;Israel
12540;Israel
12541;Russia
12544;Israel
12545;Italy
12546;Russia
12550;England
12576;Argentina
12603;Cyprus
12636;Cyprus
12649;Cyprus
12651;Finland
12668;Germany
12668;Turkey
12683;Scotland
12712;Israel
12721;England
12725;Germany
12727;Germany
12734;Germany
12735;Austria
12748;Germany
12753;Germany
12767;England
12781;England
12794;Austria
12801;France
12805;Scotland
12806;France
12809;Albania
12822;Albania
12841;Greece
12857;Albania
12871;France
12871;Guadeloupe
12875;Albania
12877;Germany
12880;Albania
12881;Albania
12886;Albania
12887;Albania
12897;Belgium
12903;Sweden
12913;Italy
12919;Italy
12920;Italy
12924;Italy
12927;Italy
12932;Belarus
12942;Denmark
12943;Belarus
12944;Denmark
12948;Denmark
12949;Albania
12951;Scotland
12977;Denmark
12980;Germany
12987;Germany
12990;Croatia
12991;Germany
12999;Serbia
13007;Albania
13024;Hungary
13036;Austria
13040;Poland
13045;Denmark
13052;Denmark
13063;Denmark
13099;Netherlands
13105;Romania
13114;Russia
13115;Albania
13121;Sweden
13123;Austria
13124;Albania
13128;Scotland
13155;Germany
13157;Russia
13162;Albania
13166;Austria
13168;Austria
13184;Bulgaria
13187;Scotland
13193;Germany
13195;Poland
13200;Greece
13250;Austria
13285;Russia
13285;UdSSR
13293;France
13299;Bosnia-Herzegovina
13300;Luxembourg
13305;Austria
13332;Switzerland
13333;Italy
13361;Belgium
13369;Cyprus
13384;Germany
13404;Germany
13404;Serbia
13423;Romania
13446;England
13456;Norway
13469;Germany
13480;Hungary
13481;Hungary
13493;Bosnia-Herzegovina
13502;Bosnia-Herzegovina
13532;Switzerland
13566;Italy
13567;Italy
13568;Slovakia
13569;Argentina
13578;Russia
13581;Russia
13581;UdSSR
13584;Russia
13585;France
13615;Hungary
13620;Czech
13620;Republic
13625;Romania
13639;Italy
13651;Italy
13698;Netherlands
13699;Netherlands
13700;Ireland
13707;Sweden
13708;Sweden
13737;Romania
13818;Germany
13857;Sweden
13860;Sweden
13870;Netherlands
13876;Turkey
13877;Germany
13878;Switzerland
13892;Bosnia-Herzegovina
13892;Germany
13894;Iceland
13912;Bulgaria
13917;Romania
13944;Ireland
13956;Italy
13961;Italy
13973;Netherlands
13982;Belarus
13985;England
13996;Iceland
13998;Iceland
14006;England
14011;France
14018;Belgium
14023;England
14028;Iceland
14051;Netherlands
14055;Netherlands
14058;Luxembourg
14060;Netherlands
14062;Netherlands
14064;Belarus
14069;Slovakia
14074;Ireland
14102;Bosnia-Herzegovina
14106;Iceland
14109;Germany
14119;Belgium
14123;Netherlands
14124;Spain
14151;Portugal
14162;Germany
14165;Brazil
14168;Spain
14175;Croatia
14198;France
14217;Angola
14217;Portugal
14236;Portugal
14239;Lithuania
14246;Poland
14248;Hungary
14256;Scotland
14261;Poland
14273;England
14274;Hungary
14290;Austria
14309;Czech
14309;Republic
14313;Poland
14317;Iceland
14319;Lithuania
14324;Italy
14326;Poland
14336;Poland
14346;Scotland
14362;Hungary
14372;France
14398;Czech
14398;Netherlands
14398;Republic
14401;Netherlands
14404;Netherlands
14410;Romania
14411;Netherlands
14413;Italy
14422;Poland
14449;Poland
14461;Belarus
14472;Belgium
14473;Israel
14474;Israel
14483;Slovenia
14499;Ireland
14499;Northern
14505;Denmark
14506;Denmark
14516;England
14520;Austria
14521;Ukraine
14530;Netherlands
14531;Russia
14552;Nigeria
14552;Scotland
14561;Spain
14563;Romania
14564;Romania
14567;Romania
14568;Romania
14568;Spain
14578;France
14587;Serbia
14602;Macedonia
14602;North
14608;Argentina
14612;Spain
14649;Netherlands
14657;Albania
14658;Montenegro
14705;Poland
14718;Macedonia
14718;North
14722;Malta
14733;Bulgaria
14738;Ireland
14738;Northern
14744;Armenia
14756;Hungary
14760;Ireland
14760;Northern
14780;Denmark
14786;Austria
14788;Croatia
14795;Hungary
14795;Netherlands
14829;Germany
14858;Denmark
14860;Spain
14865;Germany
14867;Slovakia
14873;Ukraine
14892;Italy
14908;France
14931;England
14936;Germany
14938;Germany
14947;Czech
14947;Republic
15026;Serbia
15082;Bulgaria
15084;Luxembourg
15119;Switzerland
15146;Hungary
15152;Hungary
15160;Poland
15178;Germany
15179;Switzerland
15202;Germany
15223;England
15225;England
15237;England
15249;England
15251;England
15266;Turkey
15267;Albania
15279;Georgia
15289;England
15315;England
15321;Scotland
15335;England
15357;England
15359;England
15375;France
15389;Sweden
15485;Ireland
15485;Northern
15487;Germany
15495;Portugal
15569;Romania
15615;England
15622;Wales
15692;England
15696;England
15701;England
15719;Ireland
15743;Italy
15772;England
15775;England
15783;Slovenia
15798;Italy
15819;Poland
15824;Norway
15856;England
15861;England
15868;England
15875;Scotland
15877;England
15920;England
15927;Serbia
15931;England
15936;Serbia
15970;Germany
15996;England
16009;Israel
16013;Germany
16027;Portugal
16029;Hungary
16050;Sweden
16054;Hungary
16059;Romania
16059;Spain
16060;Hungary
16061;Hungary
16062;Czech
16062;Republic
16078;Israel
16090;Italy
16093;Ukraine
16116;Germany
16122;Hungary
16125;Ukraine
16127;Poland
16134;Macedonia
16134;North
16150;England
16150;Scotland
16198;Czech
16198;Republic
16204;Scotland
16209;England
16220;Slovakia
16225;England
16245;Romania
16261;Hungary
16275;Austria
16285;Hungary
16306;Germany
16316;Hungary
16320;Germany
16329;Slovakia
16339;Netherlands
16350;England
16361;Spain
16362;Spain
16365;Albania
16374;England
16377;Italy
16378;Greece
16384;Albania
16392;Uruguay
16402;Spain
16434;Denmark
16435;Greece
16464;Italy
16465;Austria
16465;France
16468;Italy
16508;Croatia
16520;and
16520;Portugal
16520;Principe
16520;Sao
16520;Tome
16535;Spain
16539;Bulgaria
16543;Bulgaria
16562;Spain
16582;Belgium
16598;England
16599;Mozambique
16599;Portugal
16691;Bulgaria
16697;Hungary
16698;Hungary
16703;Belgium
16706;Luxembourg
16721;Hungary
16721;Romania
16729;Hungary
16734;Hungary
16748;Hungary
16748;Serbia
16765;Hungary
16783;Hungary
16818;Germany
16836;Germany
16870;Greece
16871;Greece
16897;Hungary
16908;Italy
16981;Germany
16982;Germany
16984;Bulgaria
16985;Germany
16991;Greece
16993;Greece
16994;Greece
16995;England
17003;Hungary
17005;Greece
17015;Hungary
17022;Austria
17028;Scotland
17059;France
17060;Spain
17071;Belarus
17120;Spain
17128;Russia
17135;Indonesia
17135;Netherlands
17144;Germany
17178;Italy
17178;Luxembourg
17179;France
17182;Slovakia
17190;Czech
17190;Republic
17191;Belarus
17196;Belarus
17202;Belarus
17215;Spain
17221;Spain
17235;Belarus
17237;Hungary
17240;Spain
17255;England
17259;Hungary
17265;Austria
17275;States
17275;United
17281;Germany
17281;Guinea
17283;Germany
17284;Germany
17286;Austria
17307;Germany
17324;Spain
17326;Spain
17342;Russia
17342;Uzbekistan
17350;Netherlands
17351;Portugal
17353;Netherlands
17353;Suriname
17402;Cyprus
17406;Belarus
17410;Germany
17419;Germany
17427;Russia
17436;England
17453;England
17465;Germany
17477;England
17481;England
17481;Ireland
17496;Norway
17508;Wales
17525;Belarus
17530;Spain
17534;Poland
17552;Denmark
17561;Argentina
17561;Greece
17567;Belarus
17568;Russia
17575;Greece
17586;Hungary
17590;Poland
17594;Greece
17595;Poland
17596;Hungary
17601;Belarus
17612;Spain
17618;Germany
17624;England
17625;England
17655;Latvia
17668;England
17687;Italy
17687;Switzerland
17711;Germany
17721;Georgia
17732;Germany
17742;Scotland
17744;England
17771;Germany
17773;Germany
17775;Romania
17778;Hungary
17833;Germany
17860;Poland
17884;Spain
17922;France
17923;France
17928;Germany
17942;Belarus
17943;Ireland
17943;Northern
17945;Germany
17946;Germany
17947;Hungary
17948;Germany
17951;Germany
18001;Scotland
18013;Austria
18015;Austria
18016;Belgium
18018;Croatia
18024;Georgia
18024;Russia
18026;Georgia
18027;Israel
18045;Croatia
18045;Switzerland
18050;Bosnia-Herzegovina
18053;Belgium
18054;Germany
18070;Netherlands
18103;Ireland
18113;Bulgaria
18119;France
18124;Spain
18125;Spain
18134;Portugal
18138;Poland
18142;Denmark
18146;Italy
18153;Italy
18156;Sweden
18161;Albania
18169;Czech
18169;Republic
18170;Argentina
18170;Spain
18171;Norway
18173;Hungary
18182;Poland
18196;Poland
18200;Germany
18205;Albania
18207;Albania
18214;Germany
18216;Germany
18219;Serbia
18220;Czech
18220;Republic
18256;Georgia
18258;Poland
18266;Poland
18267;Czech
18267;Republic
18267;Slovakia
18269;Finland
18270;Finland
18273;Ireland
18273;Northern
18275;Ukraine
18286;Poland
18292;Denmark
18295;Brazil
18297;Greece
18307;Georgia
18311;Lithuania
18374;Belgium
18374;Croatia
18477;Germany
18484;Germany
18498;Germany
18501;Ireland
18523;Netherlands
18524;Sweden
18526;Poland
18539;Germany
18539;Poland
18548;Germany
18554;Spain
18576;Germany
18588;Italy
18601;Portugal
18618;Germany
18619;Germany
18624;Germany
18626;Russia
18642;Luxembourg
18647;Germany
18670;England
18712;Spain
18719;England
18741;Slovakia
18744;Netherlands
18749;Hungary
18749;Romania
18752;Poland
18753;Scotland
18755;Hungary
18756;Switzerland
18776;Serbia
18808;Germany
18925;Germany
18944;France
18946;Norway
18951;Scotland
18954;Lithuania
18957;Ukraine
18960;Ireland
18960;Northern
19001;Germany
19007;England
19008;England
19061;Sweden
19065;Netherlands
19103;Russia
19104;Russia
19139;Wales
19145;Romania
19146;Romania
19152;Hungary
19152;Romania
19161;Ireland
19180;Netherlands
19185;Sweden
19187;England
19221;Luxembourg
19239;Switzerland
19240;Germany
19241;Germany
19252;England
19253;Germany
19262;Ireland
19270;Germany
19282;Germany
19302;Spain
19311;Germany
19316;Netherlands
19322;Iceland
19343;Scotland
19345;England
19361;Romania
19366;Ireland
19366;Northern
19370;Belgium
19396;Georgia
19408;Denmark
19424;Germany
19429;Spain
19436;Greece
19440;Slovakia
19448;Denmark
19449;Greece
19450;Greece
19451;Greece
19452;Finland
19453;Belgium
19457;Finland
19466;Austria
19467;Germany
19468;Germany
19469;Spain
19471;Malta
19475;Germany
19477;Netherlands
19485;Germany
19495;Hungary
19495;Spain
19519;Scotland
19524;Italy
19532;Austria
19534;Germany
19536;Germany
19543;Germany
19548;England
19549;England
19554;Netherlands
19567;Spain
19567;Switzerland
19568;Switzerland
19576;Germany
19587;Netherlands
19589;Germany
19591;Germany
19593;Germany
19601;Spain
19612;Germany
19612;Netherlands
19614;Israel
19626;Italy
19628;Italy
19631;Portugal
19635;Italy
19636;Germany
19650;Germany
19651;Sweden
19679;Albania
19679;States
19679;United
19681;Germany
19683;Russia
19702;Brazil
19719;Scotland
19735;Germany
19736;Italy
19743;Lithuania
19745;Germany
19752;Germany
19759;Germany
19760;Germany
19761;Germany
19762;Germany
19763;Germany
19764;Germany
19766;Germany
19767;Germany
19771;Germany
19772;Germany
19773;Germany
19780;Austria
19785;Germany
19786;Germany
19789;Germany
19793;Germany
19796;Germany
19800;Germany
19813;Bulgaria
19815;Austria
19836;Netherlands
19838;Denmark
19850;Germany
19857;Italy
19899;Ireland
19899;Northern
19900;Ireland
19906;Ireland
19914;Germany
19918;Germany
19923;Germany
19933;Germany
19936;Denmark
19944;Mozambique
19944;Portugal
19961;Scotland
19965;Germany
19976;Germany
19980;Germany
19989;Germany
20014;Indonesia
20014;Netherlands
20016;Denmark
20021;Germany
20023;Germany
20029;France
20029;Senegal
20036;England
20036;Ireland
20064;Portugal
20066;Slovakia
20071;Germany
20080;Cyprus
20096;Malta
20099;Bosnia-Herzegovina
20102;Russia
20126;Germany
20137;Malta
20164;Iceland
20170;Germany
20185;Italy
20185;Uruguay
20189;Austria
20189;Germany
20196;England
20214;Germany
20227;Czech
20227;Republic
20233;Cyprus
20239;Germany
20241;Germany
20267;Hungary
20288;Finland
20307;Germany
20311;Germany
20316;Czech
20316;Republic
20336;Albania
20336;Sweden
20342;Germany
20358;Uruguay
20372;Netherlands
20448;Belarus
20475;Greece
20479;Germany
20495;England
20551;Germany
20567;Poland
20626;Poland
20636;Germany
20637;Croatia
20639;Netherlands
20668;Slovenia
20687;Finland
20690;Finland
20699;Germany
20700;Germany
20701;Germany
20703;Germany
20705;Germany
20706;Germany
20725;Romania
20727;Spain
20756;Germany
20757;Germany
20760;Germany
20773;Italy
20811;Italy
20863;Switzerland
20869;England
20874;Italy
20880;Israel
20881;Brazil
20881;Italy
20885;Croatia
20925;Germany
20947;Italy
20954;Italy
20977;England
20999;Spain
21000;Spain
21001;Spain
21016;Germany
21017;Germany
21044;Austria
21049;Finland
21060;Serbia
21066;Germany
21112;Germany
21120;Germany
21148;Germany
21149;Germany
21169;Bulgaria
21191;Romania
21192;Romania
21222;England
21224;England
21230;Tunisia
21241;England
21242;Ireland
21243;Serbia
21258;Austria
21260;Austria
21261;Hungary
21265;Austria
21269;Scotland
21284;Algeria
21284;France
21286;Germany
21290;Germany
21300;Germany
21307;England
21315;Belgium
21318;Germany
21319;Cyprus
21322;England
21332;Hungary
21334;Hungary
21339;Sweden
21347;Germany
21353;Bulgaria
21356;Scotland
21359;Germany
21361;Germany
21362;Netherlands
21372;Germany
21377;Germany
21391;Germany
21401;Scotland
21412;Sweden
21416;Denmark
21433;Bulgaria
21434;Austria
21444;Russia
21461;Italy
21488;Slovakia
21489;Norway
21490;Iceland
21492;Greece
21500;Bulgaria
21521;Bulgaria
21521;Turkey
21574;England
21580;Germany
21584;Poland
21585;Poland
21596;Bulgaria
21596;Serbia
21599;Malta
21601;Malta
21615;Switzerland
21617;Croatia
21624;Italy
21625;Netherlands
21625;Suriname
21637;Bulgaria
21647;England
21648;Austria
21649;Austria
21659;Austria
21702;Finland
21702;Sweden
21708;Sweden
21710;Macedonia
21710;North
21712;England
21714;Netherlands
21715;Austria
21716;Hungary
21717;Netherlands
21719;England
21720;England
21723;Netherlands
21724;Netherlands
21725;Norway
21728;England
21734;Greece
21734;Macedonia
21734;North
21738;England
21742;Netherlands
21753;Netherlands
21773;England
21775;England
21790;England
21797;Poland
21799;Croatia
21804;England
21805;England
21806;Scotland
21808;Netherlands
21820;Germany
21836;Netherlands
21842;Germany
21842;Iran
21863;Netherlands
21865;Romania
21889;Germany
21917;Norway
21923;Israel
21939;Netherlands
21940;Romania
21952;Germany
21983;Ukraine
21986;Croatia
21999;Israel
22016;Croatia
22022;France
22022;Turkey
22060;Croatia
22060;Montenegro
22079;Argentina
22079;Italy
22087;Netherlands
22087;Spain
22113;Slovakia
22116;Austria
22190;Romania
22206;Germany
22270;Bulgaria
22292;Israel
22298;France
22310;Croatia
22322;England
22350;Ireland
22350;Northern
22351;Ireland
22351;Northern
22402;Israel
22410;Turkey
22418;Turkey
22437;Italy
22465;Israel
22483;Hungary
22513;Portugal
22523;Ireland
22532;Portugal
22553;Norway
22555;Norway
22572;Greece
22577;Germany
22578;Italy
22595;Ireland
22595;Northern
22619;Slovakia
22627;Romania
22631;Romania
22633;Romania
22634;Romania
22636;Romania
22638;Romania
22639;Romania
22640;Romania
22641;Romania
22642;Romania
22643;Romania
22644;Romania
22654;Romania
22655;Scotland
22658;Georgia
22664;Romania
22678;Ukraine
22696;Romania
22699;Scotland
22710;Italy
22719;Romania
22740;Romania
22761;Romania
22822;Italy
22822;Switzerland
22823;Ireland
22824;Iceland
22826;Turkey
22829;Finland
22831;Spain
22833;Germany
22835;Malta
22837;Poland
22844;Norway
22854;England
22863;Bulgaria
22869;Albania
22885;Malta
22891;Austria
22902;Bulgaria
22903;Ireland
22903;Northern
22907;Serbia
22919;Morocco
22938;France
22938;Poland
22941;Belgium
22941;Netherlands
22942;Germany
22946;(Republic)
22946;Germany
22946;Yugoslavia
22948;Slovakia
22949;Malta
22962;Portugal
22969;Norway
22989;Bulgaria
22993;Portugal
23002;Croatia
23003;England
23004;Israel
23004;Serbia
23007;Israel
23009;Portugal
23012;Albania
23014;Italy
23016;Scotland
23020;Russia
23020;UdSSR
23021;Czech
23021;Republic
23024;Hungary
23025;Scotland
23026;Russia
23035;Bosnia-Herzegovina
23035;Iceland
23079;Iceland
23083;Germany
23092;Russia
23105;Scotland
23117;Italy
23118;Hungary
23126;Bulgaria
23127;Denmark
23140;Switzerland
23145;Belgium
23167;Montenegro
23171;Romania
23173;Poland
23187;Bosnia-Herzegovina
23194;Macedonia
23194;North
23199;Italy
23209;Norway
23214;Norway
23215;Norway
23217;Serbia
23231;Germany
23247;Serbia
23249;Italy
23260;Georgia
23278;Czech
23278;Republic
23280;Norway
23289;Netherlands
23298;Sweden
23302;Norway
23308;Norway
23377;Netherlands
23384;Netherlands
23393;Scotland
23400;Greece
23403;Luxembourg
23414;Germany
23418;Bulgaria
23419;Germany
23423;Bulgaria
23424;Netherlands
23425;Austria
23426;Czech
23426;Republic
23426;Switzerland
23427;England
23428;Austria
23429;Austria
23432;England
23435;England
23436;Ireland
23436;Northern
23437;Albania
23439;Sweden
23442;Finland
23448;Austria
23465;Italy
23470;Romania
23471;Israel
23472;Austria
23492;Germany
23500;Poland
23501;England
23530;England
23534;England
23535;Scotland
23541;Bulgaria
23565;Romania
23570;Scotland
23571;England
23572;England
23574;Norway
23575;Wales
23576;Slovenia
23579;Norway
23580;Germany
23592;Russia
23593;Russia
23617;Albania
23631;England
23632;England
23633;England
23634;England
23635;England
23636;England
23646;Germany
23653;Germany
23653;Italy
23657;Sweden
23660;Serbia
23696;Congo
23696;France
23717;Italy
23719;Italy
23726;Ireland
23726;Northern
23733;Sweden
23752;Sweden
23753;Netherlands
23765;Finland
23782;Bulgaria
23782;Serbia
23783;Albania
23794;Czech
23794;Republic
23801;Romania
23813;Slovenia
23817;Spain
23817;Switzerland
23840;Spain
23856;France
23857;Algeria
23857;France
23860;France
23861;France
23862;France
23862;Italy
23866;England
23880;Italy
23885;England
23886;England
23894;Germany
23907;Wales
23912;England
23913;England
23918;England
23919;Scotland
23920;England
23921;England
23929;England
23930;Iceland
23940;Netherlands
23941;Brazil
23941;Italy
23951;Czech
23951;Republic
23954;England
23955;Finland
23956;Finland
23961;Denmark
23961;France
23983;Germany
24006;Belgium
24009;England
24016;Iceland
24018;Scotland
24032;Finland
24042;Russia
24047;England
24067;France
24068;France
24068;Poland
24083;France
24098;England
24100;France
24104;Brazil
24104;Spain
24106;England
24107;Italy
24109;Ireland
24128;Ireland
24128;Northern
24131;Netherlands
24134;Italy
24135;Spain
24136;Italy
24155;Romania
24158;Germany
24158;Turkey
24160;Norway
24183;England
24184;England
24185;England
24195;Netherlands
24197;Germany
24205;Norway
24207;France
24207;Tunisia
24209;Finland
24233;Switzerland
24256;Germany
24256;Turkey
24292;Scotland
24306;England
24307;Spain
24326;Belgium
24326;France
24336;France
24352;England
24361;France
24365;England
24366;England
24367;England
24388;Germany
24391;Hungary
24394;England
24404;France
24419;Bosnia-Herzegovina
24426;Portugal
24428;Ukraine
24432;Spain
24442;Hungary
24453;Slovakia
24490;Denmark
24494;Germany
24494;Italy
24510;Norway
24526;Netherlands
24527;Czech
24527;Republic
24527;Slovakia
24528;Greece
24533;Netherlands
24534;Netherlands
24602;Slovakia
24617;Germany
24635;Germany
24651;Bulgaria
24655;Bulgaria
24692;Czech
24692;Republic
24703;England
24726;Germany
24745;Scotland
24747;Armenia
24779;Malta
24815;France
24863;Spain
24863;Uruguay
24866;Canada
24866;Malta
24867;Czech
24867;Republic
24872;Switzerland
24881;Denmark
24910;England
24916;Belgium
24939;Norway
24965;Scotland
25048;Czech
25048;Republic
25064;Germany
25093;Brazil
25112;Bulgaria
25149;Italy
25155;Netherlands
25172;Albania
25172;Greece
25180;Czech
25180;Republic
25215;Poland
25235;Macedonia
25235;North
25250;Russia
25250;UdSSR
25252;Slovakia
25259;Italy
25263;Germany
25278;France
25283;Italy
25289;Belgium
25314;Italy
25315;Romania
25338;Germany
25375;Germany
25377;Poland
25400;Argentina
25420;Serbia
25442;Russia
25442;UdSSR
25446;Brazil
25447;Austria
25448;Chile
25451;(SFR)
25451;Jugoslawien
25469;Italy
25477;Austria
25483;Canada
25483;Malta
25506;Argentina
25506;France
25507;Bulgaria
25516;Hungary
25524;Austria
25536;Germany
25551;Finland
25556;Bulgaria
25582;Netherlands
25611;Turkey
25634;Albania
25650;(Republic)
25650;Germany
25650;Yugoslavia
25654;Netherlands
25681;Italy
25685;Wales
25725;Netherlands
25726;Sweden
25736;Poland
25749;Netherlands
25751;Romania
25772;Slovenia
25782;Romania
25786;Russia
25786;Ukraine
25810;Serbia
25822;Turkey
25856;England
25857;Finland
25862;Netherlands
25863;Netherlands
25869;Germany
25930;Italy
25932;Italy
25934;Italy
25940;Norway
25946;Netherlands
25961;Poland
25982;Armenia
25994;Netherlands
25996;Romania
25997;Netherlands
26032;Italy
26033;Italy
26034;Italy
26037;Italy
26038;Poland
26059;Switzerland
26061;Italy
26062;England
26063;Scotland
26064;England
26065;Romania
26068;Albania
26075;Spain
26092;Austria
26115;Italy
26115;Switzerland
26153;Cyprus
26158;Italy
26208;Argentina
26211;Italy
26216;Serbia
26216;Turkey
26222;Spain
26224;Italy
26249;Scotland
26257;Italy
26258;Italy
26287;Italy
26290;Poland
26299;Italy
26301;Italy
26302;Italy
26307;Scotland
26317;Italy
26318;Italy
26321;Malta
26334;Austria
26338;England
26345;Czech
26345;Republic
26346;Wales
26352;England
26353;England
26371;Russia
26376;Norway
26382;Czech
26382;Republic
26409;Spain
26428;Italy
26430;England
26446;Brazil
26480;Malta
26484;Italy
26488;Ireland
26488;Northern
26489;Germany
26509;Finland
26512;Switzerland
26546;Paraguay
26549;Hungary
26560;Uruguay
26571;Romania
26580;Cyprus
26594;Romania
26598;Malta
26600;Portugal
26605;Iceland
26610;Czech
26610;Republic
26612;Ukraine
26626;Greece
26634;Italy
26642;Greece
26650;England
26690;Slovakia
26691;Belgium
26698;Ireland
26698;Northern
26702;Spain
26703;Hungary
26706;Scotland
26708;Hungary
26711;Netherlands
26715;Spain
26716;England
26719;England
26721;Poland
26722;England
26726;Spain
26727;Slovakia
26728;Portugal
26730;Hungary
26738;Ireland
26741;Portugal
26752;Bulgaria
26752;Portugal
26801;Malta
26810;Israel
26826;Sweden
26829;Netherlands
26830;Netherlands
26834;Netherlands
26865;Spain
26870;Norway
26872;Norway
26888;Greece
26893;Greece
26912;Cyprus
26912;Serbia
26921;Norway
26942;Ireland
26967;Malta
26987;Sweden
26989;Russia
27007;Poland
27008;Poland
27009;Poland
27011;Poland
27012;Spain
27013;Spain
27014;Macedonia
27014;North
27016;Spain
27026;Norway
27051;Argentina
27051;Chile
27057;Spain
27063;Bulgaria
27096;England
27097;England
27121;Argentina
27132;Germany
27134;Armenia
27137;Italy
27139;Armenia
27152;Germany
27168;Israel
27176;France
27189;Kazakhstan
27190;Belarus
27197;Romania
27199;Belarus
27226;Netherlands
27229;Armenia
27242;Serbia
27296;Switzerland
27313;Scotland
27331;Brazil
27337;Norway
27343;Croatia
27344;Austria
27364;Norway
27377;Italy
27380;Italy
27422;Croatia
27447;Brazil
27447;Italy
27451;Ireland
27463;Germany
27464;Argentina
27464;Italy
27467;Switzerland
27493;Italy
27494;Italy
27510;Slovenia
27513;Italy
27547;Germany
27574;Germany
27574;Turkey
27628;Germany
27634;Norway
27665;Croatia
27665;Macedonia
27665;North
27671;Germany
27684;England
27688;Portugal
27709;England
27711;Spain
27727;Germany
27738;Hungary
27762;England
27768;Italy
27769;Argentina
27773;Spain
27781;Norway
27785;Iceland
27788;Belarus
27792;England
27792;Scotland
27803;Italy
27824;Finland
27871;England
27879;Georgia
27885;Poland
27898;Greece
27907;Germany
27909;Romania
27938;England
27984;Italy
27997;Portugal
28023;Italy
28026;Italy
28030;Greece
28037;Spain
28044;Russia
28077;Denmark
28092;Russia
28092;UdSSR
28097;England
28103;Switzerland
28117;Northern Ireland
28119;Spain
28163;Poland
28172;Austria
28173;Austria
28174;Austria
28181;Austria
28183;Austria
28190;Poland
28191;Austria
28192;Austria
28193;Austria
28194;Austria
28198;Austria
28209;Austria
28211;Italy
28258;Netherlands
28277;Netherlands
28279;Finland
28284;Lithuania
28287;Georgia
28300;Iceland
28301;Bulgaria
28309;Poland
28318;Cyprus
28335;Italy
28338;Denmark
28348;Greece
28375;Bosnia-Herzegovina
28378;Czech
28378;Republic
28395;Bulgaria
28409;Norway
28415;England
28416;Poland
28437;Poland
28444;Denmark
28447;Slovakia
28453;Denmark
28461;England
28467;Romania
28472;Sweden
28479;Czech
28479;Republic
28480;Finland
28481;Brazil
28484;Argentina
28485;England
28486;Norway
28489;Germany
28490;France
28491;Serbia
28492;Turkey
28493;Serbia
28494;Turkey
28499;Bulgaria
28504;Scotland
28505;Switzerland
28534;France
28535;England
28537;Uruguay
28539;England
28541;Hungary
28542;Italy
28543;Serbia
28544;Macedonia
28544;North
28545;Turkey
28546;Austria
28547;Bulgaria
28558;Spain
28571;Norway
28574;Czech
28574;Republic
28597;Israel
28597;Latvia
28608;Poland
28611;Poland
28621;Slovakia
28632;Croatia
28648;Russia
28711;Bosnia-Herzegovina
28794;Romania
28795;Hungary
28802;England
28824;Czech
28824;Republic
28825;Czech
28825;Republic
28847;England
28890;Ireland
28900;Serbia
28931;England
28933;Italy
28936;Germany
28942;Netherlands
29119;Turkey
29125;Czech
29125;Republic
29143;Germany
29144;Germany
29179;England
29192;Spain
29223;Spain
29231;Argentina
29238;Scotland
29320;Spain
29345;Norway
29348;Norway
29400;Bulgaria
29407;Iceland
29445;Bulgaria
29446;Bulgaria
29447;Bulgaria
29454;Bulgaria
29485;Hungary
29521;Czech
29521;Republic
29527;Spain
29540;Netherlands
29540;Suriname
29567;Spain
29585;Switzerland
29602;Netherlands
29622;France
29652;Spain
29694;Wales
29714;Hungary
29718;England
29835;Ireland
29843;Denmark
29920;Armenia
29920;Kazakhstan
29932;Ireland
29953;Austria
29956;Poland
29959;Poland
29973;Croatia
29973;Germany
29982;Romania
29983;Norway
29988;Scotland
29989;Romania
29992;Poland
29999;Romania
30015;Norway
30018;Norway
30023;Cyprus
30029;Germany
30037;Norway
30139;Norway
30140;Norway
30148;Bulgaria
30168;Norway
30169;Norway
30233;France
30256;Hungary
30261;Romania
30323;Spain
30324;Spain
30340;Russia
30342;Russia
30352;Germany
30407;Russia
30422;Spain
30455;Russia
30455;UdSSR
30493;Malta
30538;Israel
30637;Croatia
30644;Poland
30742;France
30768;Denmark
30769;Czech
30769;Republic
30779;France
30781;Austria
30782;Argentina
30782;Spain
30787;Denmark
30805;Germany
30805;Italy
30828;Austria
30857;Germany
30857;Italy
30913;Czech
30913;Republic
30966;Hungary
30967;Turkey
30980;Ireland
31003;England
31005;England
31006;(Republic)
31006;Croatia
31006;Yugoslavia
31011;Serbia
31012;Uruguay
31013;Hungary
31031;Germany
31039;Hungary
31040;Hungary
31041;Scotland
31042;Germany
31044;England
31048;Belgium
31051;Austria
31054;Serbia
31056;Poland
31057;England
31061;Argentina
31061;Italy
31062;Hungary
31088;Slovakia
31089;Austria
31091;Austria
31112;Austria
31116;Serbia
31118;Scotland
31119;Bosnia-Herzegovina
31122;Spain
31123;Spain
31124;Ireland
31127;Hungary
31128;Denmark
31135;England
31145;Austria
31147;Germany
31154;Russia
31157;Romania
31224;England
31228;Ireland
31281;Albania
31281;Nigeria
31291;Portugal
31321;Ireland
31340;Spain
31342;Portugal
31401;Sweden
31402;Scotland
31409;Austria
31432;Germany
31432;Serbia
31475;Ireland
31476;Portugal
31510;Italy
31511;Scotland
31513;Iceland
31514;Malta
31524;Norway
31540;Mozambique
31540;Portugal
31554;Russia
31559;Armenia
31559;Russia
31573;Hungary
31574;England
31597;Greece
31602;Czech
31602;Republic
31626;Switzerland
31636;Germany
31638;England
31657;Albania
31662;Scotland
31677;Poland
31677;Serbia
31712;Turkey
31717;Netherlands
31724;Argentina
31724;Bolivia
31818;Georgia
31824;Scotland
31840;Iceland
31853;Italy
31857;Netherlands
31859;Bulgaria
31860;Austria
31898;France
31940;Bulgaria
31942;Poland
31945;Italy
31945;Luxembourg
31948;England
31954;Norway
31955;Denmark
31963;Bosnia-Herzegovina
31963;Serbia
31976;Russia
31982;Belarus
31986;Spain
31992;Norway
31997;CSSR
32004;Romania
32006;Czech
32006;Republic
32026;Scotland
32027;Hungary
32029;Russia
32030;Ireland
32036;England
32037;England
32038;Austria
32038;Croatia
32039;Poland
32040;Ireland
32041;Austria
32043;Bulgaria
32046;Germany
32047;Romania
32051;Czech
32051;Republic
32059;Norway
32062;Bulgaria
32063;Czech
32063;Hungary
32063;Republic
32064;Serbia
32070;Poland
32074;Romania
32075;Czech
32075;Republic
32076;Denmark
32094;Russia
32102;Croatia
32103;Malta
32109;England
32110;Finland
32115;Finland
32120;Bulgaria
32128;Turkey
32132;Belgium
32134;Denmark
32159;Romania
32169;England
32179;Germany
32180;Netherlands
32197;Norway
32198;Croatia
32200;Iceland
32209;Denmark
32210;Luxembourg
32212;Romania
32234;Hungary
32241;Hungary
32248;France
32248;Spain
32251;Italy
32253;Germany
32254;Scotland
32259;Austria
32263;Iceland
32264;Croatia
32269;Romania
32270;Denmark
32271;Norway
32274;Hungary
32282;Czech
32282;Republic
32284;Poland
32285;Sweden
32290;Russia
32292;England
32299;Spain
32302;Iceland
32307;Albania
32313;Sweden
32322;Finland
32335;Austria
32335;Moldova
32345;Luxembourg
32392;Italy
32399;Denmark
32413;Hungary
32413;Switzerland
32414;Poland
32421;Norway
32434;Argentina
32434;Italy
32435;Belgium
32436;Hungary
32438;Scotland
32445;Luxembourg
32446;UdSSR
32447;Italy
32459;Ireland
32462;Russia
32464;UdSSR
32470;Israel
32474;Ireland
32474;Northern Ireland
32507;France
32509;Slovakia
32518;Czech
32518;Republic
32520;Belgium
32523;UdSSR
32525;Denmark
32542;Portugal
32549;Luxembourg
32573;Portugal
32576;England
32580;Belgium
32581;Norway
32582;Denmark
32588;Germany
32589;Germany
32591;England
32592;Czech
32592;Republic
32595;Romania
32599;Italy
32602;Denmark
32653;Argentina
32660;Denmark
32674;Norway
32675;Poland
32684;Czech
32684;Republic
32706;Germany
32708;Hungary
32709;Germany
32715;Bosnia-Herzegovina
32717;Poland
32718;England
32729;Cyprus
32731;Paraguay
32734;Bosnia-Herzegovina
32734;Cyprus
32739;Cyprus
32742;Netherlands
32742;Serbia
32744;Sweden
32745;England
32746;Norway
32747;Norway
32749;Netherlands
32762;Germany
32771;Hungary
32772;Germany
32773;Brazil
32774;Iceland
32776;Russia
32776;Ukraine
32777;Finland
32781;Sweden
32783;Poland
32784;Denmark
32788;Iceland
32791;Czech
32791;Republic
32806;Poland
32809;Austria
32813;Finland
32822;Luxembourg
32831;Slovakia
32833;England
32840;Greece
32842;Malta
32844;Romania
32847;Bosnia-Herzegovina
32847;Croatia
32848;Norway
32863;Russia
32863;Ukraine
32874;Turkey
32885;France
32886;Poland
32890;Ireland
32892;Switzerland
32893;Norway
32899;Russia
32919;Spain
32922;Hungary
32924;Poland
32925;France
32927;England
32931;Italy
32936;Norway
32937;Norway
32938;France
32947;Wales
32949;Luxembourg
32954;Denmark
32957;Iceland
32960;Austria
32976;Turkey
32977;England
32978;France
32992;Montenegro
32998;Netherlands
32998;Suriname
33007;Austria
33007;Czech
33007;Republic
33009;Poland
33010;France
33019;Belgium
33025;Serbia
33034;Austria
33102;Israel
33106;Norway
33107;Austria
33107;France
33128;Luxembourg
33130;Germany
33134;Italy
33163;Italy
33171;Hungary
33187;Czech
33187;Republic
33187;Switzerland
33222;Spain
33227;Spain
33237;Spain
33242;Hungary
33246;Spain
33270;Spain
33272;Spain
33276;Spain
33278;Spain
33282;Spain
33284;Spain
33285;Spain
33287;Spain
33290;Brazil
33290;Spain
33291;Spain
33292;Spain
33301;Spain
33305;Spain
33317;Scotland
33328;Spain
33329;Brazil
33330;Spain
33330;Uruguay
33332;Argentina
33332;Spain
33333;Spain
33371;Spain
33391;Armenia
33406;Spain
33411;Germany
33411;Greece
33421;Spain
33423;Russia
33479;Netherlands
33482;Poland
33493;Italy
33494;Italy
33495;Italy
33498;Italy
33499;England
33501;England
33502;Italy
33503;Italy
33504;Italy
33516;Spain
33523;Hungary
33564;Spain
33565;Italy
33567;Italy
33568;Italy
33572;Spain
33576;Spain
33582;Hungary
33588;Hungary
33665;England
33720;England
33729;Italy
33745;Russia
33756;Israel
33770;Netherlands
33795;Germany
33796;Argentina
33874;Italy
33885;Italy
33924;England
33982;Italy
33982;Uruguay
33986;Spain
33990;Spain
33991;Czech
33991;Republic
33993;Spain
33994;Spain
33996;England
34018;Spain
34106;Croatia
34120;Albania
34157;Croatia
34167;Scotland
34168;Spain
34176;Spain
34196;Hungary
34248;Slovakia
34273;Romania
34279;Andorra
34279;Spain
34302;Iceland
34330;Finland
34330;Kosovo
34354;Russia
34361;Italy
34385;Hungary
34395;England
34402;England
34429;Germany
34429;Turkey
34454;Albania
34461;Romania
34463;Netherlands
34476;Bosnia-Herzegovina
34494;Cyprus
34494;Serbia
34497;Germany
34507;Austria
34519;Scotland
34558;Italy
34559;Portugal
34570;Netherlands
34587;Austria
34633;Bulgaria
34768;Bosnia-Herzegovina
34822;Netherlands
34849;Austria
34849;Italy
34850;Italy
34851;Austria
34852;Hungary
34853;Hungary
34855;England
34856;Italy
34861;Romania
34883;Netherlands
34917;Italy
34937;Armenia
34977;Italy
34978;Italy
34986;Croatia
34991;Slovenia
34998;Germany
35048;Belgium
35076;Germany
35115;Ireland
35115;Northern
35225;Spain
35229;Italy
35299;Netherlands
35357;Romania
35373;Croatia
35383;Czech
35383;Republic
35486;Bosnia-Herzegovina
35504;Sweden
35518;Malta
35528;Greece
35539;Ireland
35560;Italy
35560;Serbia
35580;Spain
35591;Spain
35668;Ireland
35675;Slovakia
35687;Slovakia
35736;Bosnia-Herzegovina
35740;Germany
35782;Germany
35782;Italy
35785;England
35872;Hungary
35876;Israel
35906;Poland
35929;Germany
35938;Italy
35944;Serbia
35994;England
36040;Bosnia-Herzegovina
36081;Romania
36155;Belgium
36155;Brazil
36166;Armenia
36207;Germany
36208;Germany
36211;Germany
36220;Germany
36250;Croatia
36286;Finland
36521;Bulgaria
36628;Albania
36634;Turkey
36659;Denmark
36659;Spain
36697;Albania
36710;Russia
36710;Tajikistan
36727;Italy
36769;Sweden
36818;Russia
36866;Poland
36902;Serbia
36939;England
36941;Ireland
36953;Italy
36954;Italy
36988;Germany
37031;Austria
37063;Italy
37134;Serbia
37230;Austria
37232;Bulgaria
37251;Hungary
37256;Russia
37278;England
37320;Italy
37357;Albania
37360;Croatia
37378;Italy
37426;Albania
37433;France
37443;Bosnia-Herzegovina
37443;Serbia
37446;Argentina
37574;Wales
37611;England
37629;Italy
37656;Spain
37658;Hungary
37662;Argentina
37663;Belgium
37676;Spain
37679;Czech
37679;Republic
37706;France
37710;Spain
37711;France
37711;Germany
37713;Spain
37714;Spain
37715;England
37716;Spain
37717;Spain
37738;Hungary
37754;England
37758;England
37759;Spain
37775;Ireland
37778;Spain
37780;Spain
37784;Spain
37787;Portugal
37801;Spain
37802;Spain
37814;Germany
37856;England
37860;Spain
37862;Spain
37863;Spain
37896;Spain
37901;Spain
37907;Russia
37926;Netherlands
37928;Brazil
37942;Spain
37958;Scotland
38025;Spain
38036;Spain
38054;Netherlands
38059;Austria
38059;Germany
38060;Spain
38112;Finland
38123;Belgium
38174;Russia
38174;UdSSR
38183;Finland
38194;Italy
38194;Luxembourg
38200;Spain
38217;Denmark
38234;Bulgaria
38286;Hungary
38286;Slovakia
38310;Portugal
38346;England
38347;CSSR
38357;Germany
38371;Germany
38374;Germany
38396;Brazil
38396;Italy
38433;Luxembourg
38507;Italy
38530;Spain
38531;Argentina
38538;Argentina
38556;Montenegro
38557;England
38601;Germany
38617;Norway
38664;Slovakia
38750;Sweden
38767;Poland
38772;Luxembourg
38777;Norway
38798;Italy
38799;Russia
38805;Italy
38843;Austria
38870;Germany
38877;Austria
38909;France
38909;Portugal
38933;Poland
38934;Spain
38940;Denmark
38948;Poland
38972;Spain
38982;Poland
39102;Scotland
39104;Serbia
39106;Turkey
39122;England
39122;Ireland
39122;Northern
39123;Lithuania
39149;Spain
39153;Albania
39169;Spain
39218;Ireland
39218;Northern
39245;Spain
39294;Georgia
39321;Argentina
39348;Spain
39349;Spain
39437;Uruguay
39454;Bulgaria
39514;England
39515;England
39517;England
39518;England
39519;Scotland
39520;England
39521;England
39522;Ireland
39557;Netherlands
39566;Germany
39576;Italy
39600;Slovakia
39602;Luxembourg
39616;Netherlands
39743;Scotland
39813;Greece
39829;Slovakia
39879;Greece
39891;Greece
39915;Poland
39947;Denmark
39956;England
40019;Spain
40041;Netherlands
40107;Uruguay
40132;Spain
40156;Serbia
40166;Denmark
40196;Ireland
40196;Northern
40204;Serbia
40205;Peru
40205;Spain
40217;Germany
40217;Spain
40349;Germany
40382;Switzerland
40397;Bosnia-Herzegovina
40440;England
40473;Hungary
40481;Netherlands
40646;Iceland
40656;Germany
40674;France
40765;Poland
40837;Belgium
40857;Romania
40927;Belarus
41015;Georgia
41031;Germany
41047;Brazil
41074;Czech
41074;Republic
41090;Russia
41102;Brazil
41102;Italy
41110;England
41119;Greece
41154;Cyprus
41185;Slovakia
41189;Ireland
41220;Serbia
41232;Sweden
41238;Slovakia
41252;Serbia
41258;Belgium
41272;Germany
41274;Germany
41275;Germany
41276;Germany
41345;Germany
41355;Germany
41374;Slovakia
41414;Germany
41422;Greece
41423;Greece
41424;Greece
41425;Greece
41426;Greece
41427;Greece
41446;Greece
41487;Czech
41487;Republic
41488;Serbia
41529;Norway
41531;Sweden
41561;Bulgaria
41577;Bulgaria
41695;Spain
41726;Finland
41748;Germany
41753;Serbia
41771;Germany
41772;Germany
41783;Germany
41800;Ireland
41800;Northern
41877;Iceland
41877;Serbia
41892;Iceland
41893;Iceland
41893;Serbia
42031;Albania
42031;Macedonia
42031;North
42037;Belgium
42156;Cyprus
42177;Iceland
42178;Norway
42183;Italy
42193;Luxembourg
42218;Romania
42219;Romania
42259;Russia
42259;Ukraine
42283;Serbia
42341;Slovakia
42366;Germany
42367;Germany
42420;France
42448;Poland
42448;Serbia
42461;England
42524;Ireland
42524;Northern
42562;Czech
42562;Republic
42565;Czech
42565;Republic
42616;Italy
42658;Bosnia-Herzegovina
42701;Switzerland
42706;Spain
42830;Italy
42859;Israel
42959;Italy
43046;Ireland
43062;Spain
43079;Russia
43079;Ukraine
43086;Greece
43086;Serbia
43159;Ireland
43159;Northern
43198;Italy
43230;Italy
43232;Italy
43239;Luxembourg
43298;Finland
43307;Serbia
43311;Belgium
43320;Italy
43395;Czech
43395;Republic
43398;Belgium
43406;Spain
43439;England
43471;Norway
43472;Norway
43474;Norway
43477;Turkey
43487;Belgium
43488;Belgium
43493;Belgium
43504;Albania
43537;Iran
43537;Sweden
43620;Netherlands
43634;Czech
43634;Republic
43704;Sweden
43726;Norway
43783;Russia
43848;Algeria
43848;Tunisia
43907;Hungary
43910;Bosnia-Herzegovina
43987;Montenegro
44016;Austria
44019;France
44035;Israel
44098;Spain
44161;Belgium
44176;Russia
44183;Russia
44186;Serbia
44214;Spain
44273;Bosnia-Herzegovina
44273;Serbia
44337;Norway
44352;Israel
44377;Greece
44447;Italy
44448;Italy
44474;France
44477;Ireland
44514;Denmark
44598;Austria
44737;Germany
44754;Germany
44788;Norway
44794;Argentina
44794;Spain
44806;Norway
44807;Norway
44808;Norway
44902;Germany
44966;Israel
44982;Germany
45182;Algeria
45182;France
45196;Bulgaria
45358;England
45373;Italy
45374;Italy
45375;Italy
45375;Switzerland
45407;Ireland
45535;Israel
45561;Hungary
45624;Greece
45651;Russia
45666;Azerbaijan
45666;Russia
45667;Scotland
45691;Iceland
45712;France
45883;England
45886;England
45901;Turkey
45997;Macedonia
45997;North
46039;France
46047;France
46071;Germany
46073;England
46089;Portugal
46119;Ireland
46119;Northern
46133;Turkey
46238;Hungary
46249;Hungary
46306;Italy
46307;Italy
46308;Italy
46309;Argentina
46309;Italy
46310;Italy
46311;Italy
46312;Italy
46336;Italy
46339;Italy
46347;Italy
46351;Italy
46352;Italy
46353;Italy
46354;Italy
46355;Italy
46357;Italy
46358;Italy
46359;Italy
46360;Italy
46361;Italy
46362;Italy
46375;Italy
46376;Hungary
46377;Hungary
46378;Hungary
46379;Hungary
46380;Italy
46382;Austria
46383;Hungary
46384;Italy
46385;Italy
46415;France
46416;Luxembourg
46469;Bulgaria
46472;Bosnia-Herzegovina
46472;Croatia
46525;Greece
46562;Ireland
46586;Uruguay
46634;Finland
46710;Greece
46795;Hungary
46810;Hungary
46810;Serbia
46928;Spain
47094;Italy
47131;Finland
47174;Croatia
47195;Hungary
47213;Poland
47249;Hungary
47279;Luxembourg
47400;Greece
47452;Ireland
47516;England
47522;Albania
47539;Greece
47569;Albania
47574;Germany
47620;Spain
47732;Spain
47741;Belgium
47742;Belgium
47777;Italy
47830;Belgium
47899;Hungary
47914;Belgium
47917;Belgium
47921;Hungary
47925;Ireland
47931;Netherlands
47968;Scotland
48080;Portugal
48095;Italy
48097;Italy
48136;Italy
48191;Slovakia
48232;Hungary
48279;Iceland
48287;Belgium
48288;Argentina
48288;Italy
48375;Hungary
48514;Belgium
48515;Belgium
48521;Israel
48568;England
48586;Italy
48631;Poland
48641;Germany
48688;Italy
48772;England
48805;France
48805;Guadeloupe
48820;Bosnia-Herzegovina
48820;Turkey
48862;Greece
48896;Greece
49040;Slovakia
49129;Scotland
49143;Czech
49143;Republic
49168;Spain
49283;Czech
49283;Republic
49316;Spain
49318;Luxembourg
49318;Portugal
49443;Cyprus
49449;Spain
49475;Spain
49515;Czech
49515;Republic
49535;Spain
49546;Belgium
49597;Cyprus
49602;Italy
49608;Senegal
49610;Belgium
49621;(SFR)
49621;Jugoslawien
49664;Luxembourg
49718;Israel
49735;Italy
49756;Israel
49763;Luxembourg
49794;Greece
49800;Wales
49814;Slovakia
49834;Germany
49912;Italy
49955;Sweden
49978;Italy
50006;Poland
50075;England
50085;Greece
50272;Italy
50273;Serbia
50375;Hungary
50394;Slovakia
50403;Italy
50404;Italy
50430;Scotland
50445;Italy
50447;Italy
50515;Montenegro
50526;Norway
50534;Germany
50547;Germany
50573;Germany
50583;Norway
50584;Norway
50599;Greece
50606;Cyprus
50687;Albania
50687;Italy
50690;Belgium
50705;Germany
50706;Germany
50764;Scotland
50767;Italy
50767;Luxembourg
50768;Serbia
50775;Luxembourg
50828;Italy
50867;Serbia
50867;Sweden
50877;Germany
50930;Belgium
50934;Czech
50934;Republic
50952;Sweden
51003;Italy
51051;Italy
51056;England
51062;Germany
51082;France
51083;France
51084;France
51085;France
51086;France
51087;France
51088;France
51090;France
51095;England
51112;Wales
51139;Germany
51141;England
51148;Belgium
51154;Czech
51154;Republic
51194;Germany
51222;Russia
51239;England
51251;England
51268;England
51271;France
51276;England
51278;Italy
51279;Italy
51296;Wales
51325;Italy
51344;Germany
51372;France
51387;England
51453;Germany
51553;England
51556;England
51568;England
51596;Cyprus
51618;Germany
51662;Greece
51663;Norway
51666;Scotland
51669;Germany
51711;Gambia
51711;Germany
51711;The
51726;Italy
51760;Africa
51760;Italy
51760;South
51796;Denmark
51806;Italy
51808;Italy
51859;Serbia
51896;Malta
51962;Germany
51963;Germany
51993;Greece
52001;Brazil
52002;Italy
52003;Italy
52006;Czech
52006;Republic
52041;England
52071;Greece
52166;Russia
52168;Russia
52207;Serbia
52222;Russia
52226;Russia
52230;Germany
52348;Italy
52490;Belgium
52511;Poland
52524;Poland
52537;Italy
52545;Ukraine
52563;Hungary
52572;Hungary
52585;Czech
52585;Republic
52598;Montenegro
52599;Iceland
52692;Italy
52700;Malta
52710;Denmark
52741;Cyprus
52817;England
52841;England
52862;Czech
52862;Republic
52881;Germany
52891;Italy
52892;Italy
52908;England
52919;England
52948;Ireland
52948;Northern
53026;Poland
53046;Spain
53051;Belgium
53072;England
53090;Germany
53112;Germany
53113;Austria
53114;Germany
53116;Germany
53117;Austria
53118;Germany
53124;Germany
53129;Netherlands
53150;Ireland
53182;Portugal
53235;Turkey
53269;Italy
53270;Italy
53288;Wales
53296;England
53335;Czech
53335;Republic
53348;Brazil
53363;Macedonia
53363;North
53425;Germany
53450;Austria
53475;Poland
53479;Belgium
53504;Ireland
53526;Serbia
53539;(SFR)
53539;Croatia
53539;Jugoslawien
53540;Italy
53542;Italy
53543;Italy
53544;Italy
53584;Portugal
53625;Russia
53669;Greece
53677;Greece
53706;Germany
53723;Turkey
53761;Portugal
53804;Iceland
53872;Ukraine
53956;Bulgaria
53957;Germany
53980;Russia
54007;France
54056;Italy
54058;Italy
54117;Spain
54117;Uruguay
54133;France
54133;Italy
54137;Switzerland
54175;Italy
54221;Germany
54227;Italy
54245;Italy
54265;Germany
54277;France
54305;France
54370;and
54370;Montenegro
54370;Serbia
54455;England
54482;England
54552;France
54558;France
54562;Brazil
54666;Bulgaria
54673;Slovenia
54774;England
54780;Italy
54780;Uruguay
54787;Austria
54787;Israel
54848;Israel
54848;Poland
54880;Hungary
54905;Hungary
54945;France
55092;Hungary
55132;Russia
55168;France
55203;Brazil
55224;Austria
55490;Poland
55587;Germany
55685;Croatia
55686;Croatia
55762;Bosnia-Herzegovina
55762;Croatia
55794;England
55921;Germany
55942;Italy
55945;Italy
55994;Germany
56017;France
56017;Portugal
56245;Poland
56374;Iceland
56436;Israel
56475;Croatia
56491;Germany
56502;Luxembourg
56528;Bulgaria
56532;England
56555;Slovakia
56559;Italy
56580;Germany
56583;Germany
56587;Germany
56589;Germany
56593;Germany
56624;Germany
56715;Norway
56791;Finland
56828;Russia
56853;Italy
56872;Italy
56876;Hungary
56910;England
56911;Hungary
56936;Hungary
56937;Italy
56948;Portugal
56957;Italy
56961;Austria
56969;Hungary
57031;Italy
57117;Croatia
57150;Denmark
57155;Russia
57155;UdSSR
57181;Albania
57225;England
57284;Sweden
57289;Ireland
57289;Northern
57360;England
57375;Ireland
57375;Northern
57416;Belgium
57421;Argentina
57421;France
57425;France
57439;Italy
57465;England
57466;Brazil
57473;France
57492;Sweden
57499;Sweden
57501;France
57502;Italy
57593;Poland
57652;Poland
57717;Hungary
57729;Italy
57743;Italy
57747;Greece
57753;Italy
57773;Austria
57783;Argentina
57783;Italy
57786;Hungary
57803;France
57805;France
57806;France
57807;France
57811;Hungary
57859;Brazil
57879;Greece
57932;Hungary
57943;Ukraine
57957;Switzerland
57961;Croatia
58022;Serbia
58035;Switzerland
58043;Serbia
58045;Belgium
58047;Belgium
58090;Belgium
58099;Italy
58223;England
58227;Austria
58247;Germany
58257;Netherlands
58263;Romania
58332;England
58344;Switzerland
58345;Scotland
58369;Scotland
58371;Denmark
58397;England
58428;Hungary
58434;Italy
58456;Ireland
58534;Croatia
58596;Scotland
58617;Germany
58617;Poland
58625;Serbia
58643;Greece
58686;England
58712;Italy
58723;Iceland
58780;Italy
58793;France
58804;France
58825;England
58876;Serbia
58897;Italy
58898;France
58935;Czech
58935;Republic
58964;Italy
59087;England
59091;Germany
59109;Italy
59130;Italy
59166;Slovakia
59225;Germany
59230;France
59231;France
59234;France
59252;Turkey
59269;Slovakia
59356;Italy
59390;Germany
59408;Hungary
59445;Iceland
59523;Germany
59533;Norway
59550;Italy
59564;England
59565;Italy
59601;Italy
59664;Switzerland
59668;Austria
59742;Germany
59743;Germany
59789;Czech
59789;Republic
59805;Italy
59807;Germany
59830;Switzerland
59843;Romania
59847;England
59847;Jamaica
59852;Greece
59914;Russia
59918;Italy
59937;Germany
59946;Italy
59973;Serbia
60044;Armenia
60045;Germany
60057;Ireland
60108;Turkey
60109;Turkey
60110;Scotland
60114;Germany
60114;Turkey
60153;Scotland
60232;Germany
60234;Spain
60278;Italy
60291;France
60294;Norway
60352;Italy
60357;Italy
60397;Italy
60410;Bulgaria
60412;Scotland
60428;Wales
60437;Cyprus
60447;Netherlands
60477;England
60483;England
60515;Greece
60630;Hungary
60687;Spain
60707;Hungary
60730;Poland
60737;Turkey
60805;England
61006;Italy
61038;Austria
61063;Turkey
61120;Germany
61157;Switzerland
61179;Russia
61179;Ukraine
61184;England
61184;Ireland
61264;Netherlands
61295;Turkey
61354;Armenia
61363;Netherlands
61428;Ireland
61428;Northern
61428;Scotland
61435;Romania
61450;Ireland
61477;Portugal
61485;Netherlands
61487;Belgium
61516;Iceland
61560;Poland
61588;Hungary
61625;Scotland
61757;Switzerland
61771;Poland
61872;Czech
61872;Republic
61892;Hungary
61902;England
61940;Scotland
61954;Slovakia
62001;Russia
62080;(SFR)
62080;Jugoslawien
62080;Macedonia
62080;North
62081;CSSR
62081;Slovakia
62106;France
62109;France
62113;Denmark
62184;Poland
62373;France
62415;Germany
62482;Denmark
62492;Switzerland
62566;Scotland
62573;Italy
62666;France
62707;France
62715;Italy
62744;England
62750;Sweden
62756;Netherlands
62780;Italy
62819;England
62847;Wales
62972;Serbia
63093;Denmark
63121;England
63130;Czech
63130;Republic
63133;England
63250;England
63257;Belgium
63257;Slovakia
63289;England
63299;China
63299;England
63300;England
63301;England
63348;Israel
63348;Romania
63407;Bosnia-Herzegovina
63434;Belgium
63454;Argentina
63465;Denmark
63498;France
63511;France
63511;Italy
63544;Montenegro
63544;Serbia
63588;Georgia
63620;Iceland
63663;England
63676;England
63696;Belgium
63697;Poland
63757;Italy
63790;England
63923;Poland
63945;England
63976;Netherlands
63977;Netherlands
63979;England
63999;Czech
63999;Republic
64004;Czech
64004;Republic
64089;England
64115;Albania
64128;England
64156;France
64157;Hungary
64164;Ireland
64267;Israel
64268;Israel
64288;England
64366;Italy
64401;Cyprus
64444;Czech
64444;Republic
64562;Austria
64562;Israel
64645;Albania
64709;Italy
64759;Switzerland
64811;Italy
64875;Italy
64920;Argentina
64920;Italy
64928;Italy
64936;Denmark
64974;Chile
64974;Hungary
65085;Finland
65119;Croatia
65122;Italy
65123;Poland
65185;Armenia
65185;France
65188;Serbia
65202;Portugal
65236;Denmark
65274;Hungary
65284;Hungary
65291;Sweden
65316;Austria
65339;Italy
65352;Italy
65392;Hungary
65417;Hungary
65503;England
65513;England
65553;Israel
65689;Italy
65723;Italy
65760;Norway
65773;Belgium
65774;Italy
65816;Switzerland
65817;Switzerland
65818;Hungary
65818;Switzerland
65839;England
65840;England
65885;Serbia
65926;Serbia
65940;Switzerland
66038;England
66081;Germany
66083;Switzerland
66131;Germany
66131;Poland
66259;England
66265;Italy
66275;Italy
66312;Scotland
66354;England
66439;Malta
66587;Italy
66845;England
67150;Poland
67236;Switzerland
67358;Romania
67361;Argentina
67387;Greece
67449;Italy
67455;Germany
67458;Germany
67570;Romania
67592;Romania
67601;Iceland
67649;Romania
67794;Iceland
67843;Finland
67957;Serbia
68053;France
68065;Hungary
68313;Serbia
68315;Switzerland
68392;Russia
68531;Belgium
68571;Portugal
68578;France
68698;Czech
68698;Republic
68699;Belgium
68803;Hungary
68890;Hungary
69006;Switzerland
69008;Germany
69154;Portugal
69200;Turkey
69243;Luxembourg
69258;Netherlands
69323;Romania
69559;Scotland
69560;Israel
69681;Belgium
69681;Congo
69681;DR
69820;Italy
69880;England
69910;Scotland
69927;Portugal
70068;Turkey
70285;Netherlands
70329;Russia
70356;Greece
70392;Scotland
70398;Greece
70684;Hungary
70816;Denmark
70837;Slovakia
71000;Turkey
71202;Germany
71444;England
71482;Italy
71973;Slovakia
71997;France
71997;Morocco
72076;England
72079;England
72166;Portugal
72205;Albania
72237;Czech
72237;Poland
72237;Republic
72242;Georgia
72341;Sweden
72408;Romania
72598;Turkey
72747;France
72767;Finland
72790;Bosnia-Herzegovina
72921;Macedonia
72921;Turkey
73106;Scotland
73119;England
73147;England
73173;England
73174;Germany
73242;Northern Ireland
73243;Scotland
73361;Sweden
73394;Denmark
73416;Sweden
73467;Switzerland
73476;Iceland
73654;Czech
73654;Republic
73658;Switzerland
73721;Denmark
73751;Croatia
73752;Switzerland
73825;Denmark
73858;Greece
73935;Germany
73981;Ireland
74097;Macedonia
74097;North
74103;Greece
74138;England
74139;Ukraine
74157;Norway
74204;England
74204;Scotland
74320;Norway
74342;Norway
74343;Norway
74363;Norway
74423;Spain
74574;Italy
74577;Northern Ireland
74638;Netherlands
74643;Hungary
74644;Germany
74645;Germany
74691;Germany
74693;Austria
74695;Germany
74710;Germany
74711;Germany
74713;Austria
74714;Germany
74716;Germany
74717;Austria
74718;Germany
74720;Germany
74747;Germany
74749;Germany
74751;Germany
74754;Hungary
74755;Germany
74758;Germany
74759;Germany
74761;Germany
74762;Germany
74764;Austria
74764;Hungary
74772;England
74773;Germany
74787;England
74789;Germany
74790;Germany
74791;Germany
74794;Germany
74821;Germany
74822;Germany
74826;Germany
74827;Germany
74828;Germany
74829;Germany
74850;Germany
74851;Serbia
74919;Israel
74937;Switzerland
74938;Switzerland
75070;England
75128;Scotland
75150;England
75203;Scotland
75385;Spain
75386;England
75430;Scotland
75483;Austria
75551;France
75552;France
75553;France
75554;France
75555;Spain
75556;Austria
75558;England
75559;England
75568;Germany
75570;Germany
75573;Germany
75577;Austria
75578;Germany
75586;Germany
75588;Germany
75595;Denmark
75604;Germany
75607;Germany
75609;Germany
75622;England
75623;Scotland
75624;England
75625;England
75633;England
75634;Scotland
75635;England
75638;England
75639;England
75640;England
75641;England
75642;Scotland
75644;England
75645;Scotland
75646;Scotland
75647;England
75648;Scotland
75649;Scotland
75650;Scotland
75653;England
75655;England
75656;England
75657;England
75665;England
75666;England
75674;England
75676;England
75764;Scotland
75765;England
75766;Scotland
75768;Scotland
75769;Scotland
75770;Scotland
75771;England
75772;Scotland
75774;Germany
75778;Germany
75779;Austria
75860;Italy
75899;Scotland
75943;Turkey
75968;Scotland
76115;France
76191;Germany
76277;England
76345;Czech
76345;Republic
76732;Italy
76950;Portugal
76968;Northern Ireland
77006;Czech
77006;Republic
77025;England
77130;Italy
77178;Czech
77178;Republic
77179;Czech
77179;Republic
77198;CSSR
77247;Germany
77293;Hungary
77385;Netherlands
77414;Portugal
77635;Hungary
77637;Poland
77659;Hungary
77743;Germany
77748;Hungary
77783;Russia
77839;Czech
77839;Republic
77847;Switzerland
77848;Switzerland
77849;Germany
77850;Switzerland
77867;Czech
77867;Republic
77921;Hungary
77924;Luxembourg
77931;Hungary
77962;Germany
77970;Iceland
78215;Switzerland
78312;Hungary
78321;Germany
78363;Switzerland
78390;Hungary
78391;Italy
78412;Greece
78417;Greece
78448;Finland
78449;Finland
78455;Ukraine
78480;Switzerland
78481;Croatia
78482;Switzerland
78491;Germany
78491;Switzerland
78501;Sweden
78568;Iceland
78571;Switzerland
78673;Iceland
78704;England
78746;Finland
78749;Finland
78750;Finland
78791;Denmark
78798;Austria
78801;Hungary
78892;Italy
78892;Paraguay
78918;Brazil
78918;Italy
79048;Austria
79071;Finland
79136;Germany
79137;Czech
79137;Republic
79145;Czech
79145;Republic
79232;Czech
79232;Republic
79252;Switzerland
79254;Switzerland
79257;Switzerland
79303;Finland
79306;Finland
79307;Finland
79308;Finland
79309;Finland
79310;England
79316;Finland
79329;Switzerland
79481;Greece
79568;Serbia
79611;Switzerland
79618;England
79620;Iceland
79733;Israel
